ID,GENDER,STATUS,CHILDREN,ESTINCOME,CAROWNER,AGE,State,CreditCard
1,F,S,1,38000,N,24.393333,ME,1814138742463990
6,M,M,2,29616,N,49.426667,IA,2471255795160690
8,M,M,0,19732.8,N,50.673333,LA,5512488125429130
11,M,S,2,96.33,N,56.473333,AZ,8636305559370360
17,M,M,2,53010.8,N,18.84,MS,4213876342524960
21,M,M,0,19749.3,N,60.366667,HI,6507651549747850
22,M,S,1,57626.9,Y,43.906667,IA,4135986504005940
24,F,M,2,47902,N,26.033333,MO,6122888662217110
35,F,S,0,78851.3,N,48.373333,MA,4585206605602950
36,F,S,1,17540.7,Y,62.786667,NE,9409654180396670
38,F,M,2,28220.8,N,38.766667,NH,6218750199801500
42,F,M,2,5237.63,N,48.753333,NY,8635262400174430
45,M,S,2,89459.9,N,53.28,MI,8482771708112880
48,F,S,1,13576.5,N,39.426667,SC,6882642612356690
52,F,M,2,67388,N,53.12,HI,7637514717875820
53,F,M,1,57063,Y,52.333333,VA,7118209203742010
54,F,M,2,84166.1,N,54.013333,WA,3773504534599880
60,F,S,1,7737.94,N,42.666667,NE,3163284180988940
63,F,M,2,59613.1,N,34.32,TN,4859338552312390
68,F,S,2,9559.78,N,51.38,MO,4682834204336340
73,F,M,2,83284.1,Y,28.42,WV,7338144573668550
77,M,S,0,3601.71,N,49.266667,OH,4848434580530930
78,F,M,0,72642.6,N,27.646667,WI,1584959970287140
79,F,S,0,98716.3,N,55.66,AZ,6200791102560970
81,F,M,2,84789.3,N,50.433333,CT,2838613146806850
83,F,M,2,35976.5,Y,48.853333,VT,2071314296553780
85,F,M,1,77129.1,Y,61.846667,OH,5425149987217790
86,F,M,2,8204.72,N,52.973333,MS,5412817526183160
88,F,M,0,80405.1,N,60.226667,MN,3201599036771050
90,M,S,0,64136.6,Y,61.106667,AZ,6463607116339780
92,F,M,2,45429.7,Y,61.713333,NJ,6284048308250250
94,F,S,0,25285.5,N,53.986667,WV,4284716011622580
95,F,M,2,77551.1,Y,33.6,HI,3564952266709720
110,F,S,2,21021.6,Y,62.753333,OR,1832563114108610
111,M,S,0,74460.7,Y,55.34,MD,6003457634211650
120,F,M,2,62061.8,Y,45.92,NY,9378376404665920
121,F,M,1,20550.9,Y,22.12,NH,4819031173367730
127,F,S,2,19131.1,N,56.186667,NM,2613606716259200
130,F,S,2,83073.7,N,39.553333,NM,9189211683260230
133,M,M,2,42750.3,Y,50.493333,WA,7834032513505260
135,F,S,2,2842.55,N,45.92,OH,4758472854831150
136,M,M,2,22358.1,N,52.626667,MT,1893853008999310
140,F,S,0,7325.5,N,36.92,UT,1145189238802360
142,M,M,2,28766.9,N,46.84,SD,9661033569352060
148,M,M,2,91272.2,Y,25.033333,ND,7288388299447630
158,M,M,2,1406.05,Y,19.306667,TX,4754983079188510
160,F,S,0,73228.3,N,62,NE,9031704503656250
161,F,S,2,76231.9,N,63.806667,FL,8919331519861730
166,M,M,1,64792.3,N,52.146667,NV,9854422087555130
169,F,S,0,93322.1,Y,40.313333,UT,7329639374174990
174,M,M,1,63437.3,N,63.653333,MO,3147827033203250
178,M,M,2,49910.7,Y,51.52,MA,6008627492331840
180,M,M,0,76161.4,Y,44.573333,CA,9385565703788650
190,M,M,2,57360.8,Y,53.253333,LA,1709564656981150
191,M,M,0,92414.7,Y,45.513333,NC,8968920150997510
192,M,M,1,60102.7,N,42.14,CT,9447792351638330
194,F,M,2,17888.7,N,55,KS,4698873626002930
195,F,S,1,12526.3,N,53.553333,MS,8291785559787520
198,F,S,2,14578.8,Y,60.933333,LA,9396627898192970
201,M,M,0,78572.2,Y,42.346667,IL,5994482147552280
206,F,M,2,87578.2,Y,53.366667,ME,7473769966168350
209,F,S,2,76791.2,N,61,WV,8429841012429540
218,F,M,0,83287,N,45.486667,CO,4146030611054670
219,M,S,0,2056.06,Y,18.94,NH,8592071042428070
221,M,M,1,2067.82,N,47.853333,KS,6821374409781270
224,F,M,2,69343.3,N,42.166667,VT,7980964289246900
225,F,M,0,77000,N,55,ME,1825503113838270
229,F,S,0,27498.1,N,42,IA,4458532225903060
231,F,M,2,21419.9,N,59.833333,LA,2870517617642400
232,F,M,2,30665.2,Y,22.88,FL,4128857092831670
233,F,M,1,66000,Y,63.353333,DE,6770105837667340
234,F,M,2,50561.3,N,52,VT,7067537956710160
236,F,S,2,23464,Y,70,NE,1926078152559130
237,F,M,2,194.57,N,42,OH,2182689861273590
238,F,M,1,98680.4,Y,55,ND,4365746537433390
239,M,M,1,65619.7,Y,46,CT,1801848506095090
241,F,S,0,85275,N,47,AL,1985276551178080
243,F,M,1,98453.6,Y,46,NM,6977870780245210
244,F,M,2,94026.8,Y,27.746667,WA,9907461247798640
246,F,S,2,57420,Y,61,KS,7491114527414880
254,F,M,2,18296.4,Y,42.626667,WY,6215966583194040
257,F,S,1,68000,N,60,WV,6017475294162630
261,F,S,2,86747.1,N,64.853333,MD,1354079573227230
263,F,M,1,87404.6,N,63.186667,AK,7303638287841440
264,M,S,2,20919,N,27.886667,OH,8595923597205590
265,F,M,2,85394,Y,20.16,AZ,5150300085050290
266,F,S,0,2121.36,N,39.786667,MS,4632642711645870
267,F,M,2,63566.1,Y,56.3,AK,5619698337989330
272,F,M,2,82644.2,Y,33.493333,NV,8630217100051320
281,F,M,2,34577.7,N,63.253333,NV,5617310515414450
284,F,S,2,19008.4,Y,52.166667,WA,1277738341663760
285,F,M,0,98056.3,N,55.966667,FL,9643346866011370
286,M,M,0,73400,Y,64.226667,SD,9362982454027530
288,M,M,0,78894.2,N,28,HI,3486395372961060
289,M,S,1,16432.1,Y,20.92,MN,8751354423190340
291,M,S,1,71329.9,Y,42.233333,VA,7150249909004220
295,F,S,0,20913.6,N,53.013333,AL,8358220736118910
304,M,M,1,75799.9,N,46.38,WV,8721037643124460
305,F,S,2,15688.5,N,53.06,KS,6218307485405890
308,F,S,0,5185.31,N,62.053333,UT,6297315080915520
312,F,M,2,80087.7,N,41.92,MO,3476418115379580
313,F,M,2,59691.3,N,38.04,KS,1468698886699240
315,F,S,2,11251.1,Y,61,AZ,5533041756420080
317,M,M,0,70908.7,N,49.62,TN,4496632841528560
318,M,S,0,94928.3,N,40.18,CO,1456487303965690
320,F,M,2,50622.3,N,40.46,LA,2714419636074610
326,M,M,0,100020,Y,52.266667,SD,4686713811021180
329,F,M,1,56722.8,N,60.593333,AK,7615392675405930
331,M,M,1,80000,N,53.213333,AR,7742359994708230
332,F,S,2,3416.62,Y,22.76,VA,9958463754281430
333,F,M,0,73400,Y,55.633333,ME,8603681402804560
334,M,M,0,120000,Y,53.213333,NM,9616120672366000
335,F,M,2,8032.16,N,45.666667,IN,5876701864364300
336,F,S,1,93454.3,Y,48.533333,RI,6002389817283690
338,F,S,0,83287,N,77,PA,7214458810209800
339,F,S,0,92564.1,Y,49.133333,TX,5932098843318950
343,F,M,2,48322.5,Y,49.333333,DE,6163059598016380
346,F,M,2,81913.8,Y,49.66,IN,8427459529757670
349,F,S,0,919.93,N,38.26,WY,2818175334113590
350,F,M,2,69486.8,N,30.946667,CA,1608342686047050
351,F,M,2,24482.8,N,33.533333,SC,2114378578514580
353,F,M,0,14573.6,N,64.606667,CT,7644316890606550
356,F,S,0,17138.2,N,63.786667,DE,4462454780150550
358,F,M,2,47010.1,N,57.406667,RI,2460623100114170
361,M,M,1,69406.7,Y,30,IN,9842082974229430
363,F,M,2,83259.3,N,50.88,ND,3975149660846220
370,F,M,2,2185.6,N,52.513333,MN,7918641671969290
372,M,M,1,76511.3,N,62.08,RI,6587940720964020
374,F,M,1,6946.07,N,23,AL,3848635739694790
375,F,M,2,11234.7,Y,49.046667,TN,6079589933857630
383,F,M,2,63670.8,Y,46.146667,LA,7836950069415080
384,M,S,0,83287,N,45.486667,WA,3188635853221720
385,F,S,1,66000,Y,45.486667,MI,4522926539052210
388,F,M,1,82931.3,N,64.64,TX,4147949862208630
389,F,M,2,57483.9,N,44.026667,MN,3385214609257490
391,F,S,2,21274,N,45.526667,TN,7185380922677950
392,F,M,2,28267,N,30.093333,NJ,6413763437792000
394,F,M,2,36725.1,N,55.793333,AL,6677906975646160
404,F,S,1,12374.9,Y,33.493333,MD,4046127869051380
405,F,M,2,69133.9,Y,26.833333,KY,2487228052205890
407,F,M,2,84948,Y,29.446667,AK,6205935191077020
408,F,M,2,30998.8,N,40.96,RI,3129348240012780
414,M,M,2,21416.5,N,35.653333,ND,4904866357846520
422,F,M,2,38215.9,N,30.886667,TX,3867264147539060
423,F,M,1,13829.4,N,22,MD,8262665665635560
424,F,M,2,49745.3,N,47.966667,MN,8521335036500190
428,M,S,0,89142.7,N,33,IA,9570040617432420
429,F,S,0,74530.8,N,63.086667,DE,8744261596802880
431,F,S,0,35000,N,23,CO,4566696443417940
436,F,M,2,76289.2,N,48.206667,WA,2170970523636900
438,M,M,1,66931.9,N,63.933333,WV,3303945289625210
439,F,D,1,9309.57,Y,24,AL,7155085052136270
441,F,S,0,32962.6,N,19,IL,6397082487264670
442,F,S,0,40000,N,20,TX,2088818084339140
443,F,S,2,33330,N,21,NC,5535173817679440
444,F,S,1,32098,N,22,NH,7197231158340780
445,F,S,2,30090,N,24,FL,8314431765813430
450,F,M,2,90271.6,N,44.926667,MD,5223827148929100
455,F,M,2,64816.6,Y,31.126667,DE,1833001867127600
456,F,M,2,98217.1,N,44.98,NH,3289027079617790
458,F,S,1,2929.13,N,53.506667,WI,1923355434269670
461,M,M,0,96223.4,Y,64.76,OR,4213734726697770
463,M,M,0,69168.4,Y,62.426667,WY,8839497204398810
464,M,M,1,92148.5,Y,33,KS,8002633151947580
466,M,S,0,62705.9,Y,32,NH,1561126193787520
468,M,S,0,84479.2,N,30,NC,1572807968828860
469,F,M,2,64977.4,N,38.193333,ME,2785264052681010
470,F,M,0,77994,N,50.553333,TN,2421280294104690
472,F,M,0,59008.4,Y,30.18,MS,4156937114907280
474,M,S,1,84978.1,N,21.64,NH,1922140738817590
475,F,M,2,36647.9,N,49.986667,PA,8927860011160880
476,F,S,0,64319.2,N,41.226667,MD,8650532583800250
477,F,S,1,73338,N,48.246667,UT,5921549334572160
479,F,M,2,16962.2,N,45.36,WY,1205379164175620
481,M,M,2,10708.3,N,26.026667,GA,7671087133159460
484,F,M,0,2031.61,N,20.3,CT,4110723316689610
488,F,S,2,16938.5,N,55,KY,3604799468698460
497,M,S,2,72084.7,N,55.64,WY,4721057947558990
499,F,S,1,49072,N,47,KY,5644634019776890
504,M,M,1,71472.9,N,41.913333,IN,6253660937574520
505,F,M,0,95405.7,N,42,WA,1356004588278400
506,F,S,0,95786.8,Y,43,IN,1925245639043620
510,F,M,2,56187,N,42,MS,2571573714471150
513,F,S,1,37000,N,24.393333,WY,7673850483166620
518,M,M,2,29616,N,49.426667,AK,9687196772345050
520,M,M,0,19732.8,N,50.673333,WV,1910191687272730
523,M,S,2,96.33,N,56.473333,MI,9378975534283740
526,F,M,2,52004.8,N,25.14,KS,6081654333014760
529,M,M,2,53010.8,N,18.84,FL,2736489986117830
530,M,M,0,75004.5,N,64.8,UT,3257058786217440
534,M,S,1,57626.9,Y,43.906667,MD,4417323994738980
536,F,M,2,47902,N,26.033333,MA,2453181164182040
547,F,S,0,78851.3,N,48.373333,KY,8510049993566610
548,F,S,1,17540.7,Y,62.786667,OK,6348448989889440
549,F,M,0,83891.9,Y,61.02,OH,3017207147425960
550,F,M,2,28220.8,N,38.766667,AK,6068078757904020
554,F,M,2,5237.63,N,48.753333,FL,5946044779336410
560,F,S,1,13576.5,N,39.426667,AZ,8929875150931160
564,F,M,2,67388,N,53.12,PA,7417054283251410
565,F,M,1,57063,Y,52.333333,DE,3295451857338440
566,F,M,2,84166.1,N,54.013333,IL,2701441385508070
572,F,S,1,7737.94,N,42.666667,TX,9943091841171280
573,M,S,2,100020,N,48,MD,7835812359791780
574,F,M,2,45287.6,Y,29.026667,FL,5504986818601930
575,F,M,2,59613.1,N,34.32,VT,8798773496234660
577,F,S,1,16326.7,N,50.613333,HI,2687717822805660
580,F,S,2,9559.78,N,51.38,TN,4181715189228400
585,F,M,2,83284.1,Y,28.42,MT,1502279689121530
587,F,D,1,68427.4,N,42.393333,NY,7676811858116630
591,F,S,0,98716.3,N,55.66,NH,4224655090564180
593,F,S,2,84789.3,N,50.433333,WI,2337115594655450
596,F,M,0,32703.1,Y,64.92,FL,1916855952369070
598,F,M,2,8204.72,N,52.973333,AK,9226426041264080
602,M,S,0,64136.6,Y,61.106667,ME,5449217167348260
604,F,M,2,45429.7,Y,61.713333,UT,5759165614014090
606,F,S,0,25285.5,N,53.986667,LA,2383226318948270
609,F,S,0,69350.5,Y,57.42,PA,9284928036437070
616,M,S,2,43634.5,N,21.78,MN,5115427637636210
621,M,S,1,92647.5,N,56.046667,SD,6129034058896390
622,M,S,2,21021.6,Y,62.753333,PA,1299008217373140
626,F,S,2,28787.4,N,41.666667,AK,1753830354043100
633,F,M,1,20550.9,Y,22.12,MD,5598509921225260
639,F,S,2,19131.1,N,56.186667,CO,1197406689579830
645,M,M,2,42750.3,Y,50.493333,MD,1560789795889150
647,F,S,2,2842.55,N,45.92,MS,2965646048041730
648,M,M,2,22358.1,N,52.626667,NY,6511558336307810
651,F,S,2,6440.46,Y,41,LA,5426251971604460
652,F,S,0,7325.5,N,36.92,RI,2602614612182000
654,M,M,2,28766.9,N,46.84,NM,7314000704525410
666,M,S,0,69000,Y,52.266667,AR,8542581668541260
670,M,M,2,1406.05,Y,19.306667,WI,2911445507727380
672,F,S,0,73228.3,N,43,OK,9951249285716560
690,M,M,2,49910.7,Y,51.52,AK,7165673078623150
694,F,S,1,12686,N,64.8,OK,3147421637408420
702,M,M,2,57360.8,Y,53.253333,AK,4757792073637280
704,M,M,1,60102.7,N,42.14,OK,2702258998590680
707,F,S,1,12526.3,N,53.553333,NE,3676305458449030
715,F,M,2,48238.8,N,34.706667,MT,4508145673114740
721,F,S,2,76791.2,N,47,WI,7068477673336140
726,F,M,2,3193.6,N,54.046667,MS,1531473860385120
730,F,M,0,83287,N,56.193333,NJ,9753320959215260
731,M,S,1,2056.06,Y,18.94,NJ,3698219761208000
734,M,S,0,77000,N,63.353333,TN,3251813514509180
737,F,M,0,83287,N,44,AK,2566923521746310
740,F,M,0,14932.5,N,46,WA,4342686876315200
741,F,S,0,27498.1,N,52.646667,NC,7481440342327610
746,F,M,2,50561.3,N,46,ND,5001117890204210
748,F,S,2,23464,Y,61,OH,8442588470909430
750,F,M,1,98680.4,Y,46,OH,7744461965790360
751,M,M,0,65619.7,Y,52.646667,NY,9950570925614340
752,F,M,1,95620.3,Y,47,AR,4004361894497380
754,F,M,1,66921.4,Y,46,NM,2609715823269470
756,F,M,2,94026.8,Y,27.746667,GA,8334936191324130
759,M,M,0,66666,N,45.486667,CA,8112214767475440
766,F,M,2,18296.4,Y,42.626667,AZ,4499164626631120
767,F,S,0,39461,N,22.226667,CA,2846228893936110
773,F,S,2,86747.1,N,64.853333,MN,8443389312476870
775,F,M,1,87404.6,N,63.186667,WI,1737928481669960
777,F,M,2,85394,Y,20.16,KY,5807620335273110
779,F,M,2,63566.1,Y,56.3,MI,4839374313579360
784,F,M,2,82644.2,Y,33.493333,ME,3173712005657370
791,F,M,2,809.43,Y,31.913333,AL,6819655202385680
792,M,S,1,76529.8,N,58.28,NH,9390302380195280
795,F,M,0,66666,N,67,AL,7782545147801930
796,F,S,2,19008.4,Y,52.166667,LA,2422519310590160
800,M,M,0,78894.2,N,52.74,ME,9103411247315820
801,M,S,1,16432.1,Y,20.92,FL,1969205538414560
803,M,S,1,71329.9,Y,42.233333,MD,5064335058593050
807,F,S,0,20913.6,N,53.013333,WV,5190730777932910
820,F,S,0,5185.31,N,62.053333,AR,2923563104014370
824,F,M,2,80087.7,N,41.92,ND,6236314942190780
827,F,S,2,11251.1,Y,52,NC,2966631741700620
829,M,M,1,70908.7,N,49.62,ND,5788504181255150
830,M,S,0,94928.3,N,40.18,KY,5067672892676540
838,M,M,0,65000,Y,52.266667,NC,4566745369436090
840,F,S,2,93559.1,N,57.62,MS,6481219873591670
841,F,M,1,56722.8,N,60.593333,ND,2597676741645420
843,M,M,1,120000,N,53.213333,CT,4955936186561700
844,F,S,2,3416.62,Y,22.76,NY,5072174575127200
845,F,M,0,78000,Y,55.633333,WA,1885308459811150
847,F,M,2,8032.16,N,45.666667,MA,5964329236725610
848,F,D,1,93454.3,Y,48.533333,VA,9037738144950530
851,F,S,0,92564.1,Y,49.133333,ME,1555763989299950
858,F,M,2,81913.8,Y,49.66,NJ,7665532684297410
861,F,S,0,919.93,N,38.26,WI,6315709229149940
862,F,M,2,69486.8,N,30.946667,MO,8812385186669980
863,F,M,2,24482.8,N,33.533333,PA,4420080483099840
868,F,S,0,17138.2,N,63.786667,NY,9079805546945560
870,F,M,2,47010.1,N,57.406667,CT,5078466647029910
872,F,S,0,67239.4,N,44.433333,DE,5155411397607480
873,M,M,1,69406.7,Y,38,WA,5382959689223440
875,F,M,2,83259.3,N,50.88,CO,1298491975441150
886,F,M,1,34555,N,23,HI,3073419166033000
887,F,M,2,11234.7,Y,49.046667,IA,8315643911622730
891,F,M,2,68462.8,N,34.4,NY,1508470131935960
895,F,M,2,63670.8,Y,46.146667,KS,8730358759604230
897,F,S,1,83287,Y,47,GA,7586708682299690
898,M,M,0,12387.6,N,56.173333,KS,4322969560935670
900,F,M,1,82931.3,N,64.64,IL,2374633299852900
901,F,M,2,57483.9,N,44.026667,RI,9274782054693170
903,F,S,2,21274,N,45.526667,ND,1785480058989850
904,F,M,2,28267,N,30.093333,MI,6152516090551500
906,F,M,2,36725.1,N,55.793333,CA,2353974059596840
910,M,S,1,94188.3,N,57.546667,GA,9391525415697050
913,F,M,2,91861,Y,41.98,AL,2017040978077680
916,F,S,1,12374.9,Y,33.493333,IN,1564974844251200
917,F,M,2,69133.9,Y,26.833333,CA,8776926187091150
919,F,M,2,84948,Y,29.446667,CO,9852209695186060
926,M,D,1,21416.5,N,35.653333,ND,5116941930491010
933,M,M,0,60101.1,Y,63.766667,ID,1538550251829770
934,F,M,2,38215.9,N,30.886667,TN,9039306309295440
935,F,M,1,13829.4,N,20,WA,7075355145469750
936,F,M,2,49745.3,N,47.966667,KY,2082848624735320
939,F,M,2,98003.7,Y,26.273333,CA,5725475883068090
940,M,S,0,89142.7,N,53.693333,MO,4172846538865080
941,F,S,0,74530.8,N,63.086667,AL,2415191103006210
943,F,S,0,40120,N,22,RI,9766982910964720
950,M,M,1,66931.9,N,63.933333,ND,2805814506950170
952,F,M,1,40120,N,22,WV,7519116096979920
953,F,S,0,40120,N,24,CO,9693075788547360
954,F,S,0,40120,N,24,WA,5205019406673390
957,F,S,2,40120,N,22,IN,6058401374464450
958,F,S,1,40120,N,21,MI,4726811501684470
967,F,M,2,64816.6,Y,31.126667,RI,1535590185794370
968,F,M,2,98217.1,N,44.98,NH,3827765090743660
972,F,M,2,41876.6,Y,44.093333,CA,8891473833514970
973,M,M,0,96223.4,Y,64.76,UT,9674018154247800
974,F,S,0,15989.3,N,61.693333,NE,5731481568225380
975,M,M,0,69168.4,Y,62.426667,CT,4778023494083050
976,M,M,1,92148.5,Y,38,MO,8195669896172040
977,M,M,0,96681,Y,19.76,WI,6968934101382560
978,M,S,0,62705.9,Y,39,LA,8681724173848220
979,M,S,0,80221.2,N,29.026667,IA,4766873481593670
980,M,S,0,84479.2,N,28,MA,4873076916208130
981,F,M,2,64977.4,N,38.193333,AK,1609169808593950
982,F,M,0,77994,N,50.553333,OK,8185233205747130
983,M,M,2,90103.7,N,34.946667,MD,9508868249729070
984,F,M,0,59008.4,Y,30.18,NY,8824261166311480
985,M,M,2,5265.35,N,52.873333,CA,8118729370477070
987,F,M,2,36647.9,N,49.986667,AR,6195883113642240
988,F,S,0,64319.2,N,41.226667,OH,6006041966839560
989,F,S,1,73338,N,48.246667,CT,3530632365824710
990,F,S,0,433.74,N,60.746667,MN,2842108168997240
991,F,M,2,16962.2,N,45.36,MD,4089200835862110
996,F,M,0,2031.61,N,20.3,MT,5349972136398430
1004,F,M,1,8073.11,N,46,SD,6494421570624020
1005,M,M,0,95448.6,Y,53.68,ID,3218719749799130
1008,M,S,1,31952,N,34.266667,MT,7070216281705930
1009,M,S,2,72084.7,N,55.64,KY,4919386224173850
1010,F,S,0,42760.5,N,47,SD,9402647500670250
1016,M,M,1,71472.9,N,41.913333,HI,8522562667441740
1017,F,M,0,95405.7,N,48,NE,2981966329479580
1018,F,S,0,95786.8,Y,52.646667,OR,3074091066861440
1020,M,S,0,90321.6,N,55.113333,MO,1747761657894360
1022,F,M,2,56187,N,43,MS,3776101182182300
1030,M,M,2,29616,N,49.426667,NJ,8002741333769810
1032,M,M,0,19732.8,N,50.673333,CO,8364590395255980
1038,F,M,2,52004.8,N,25.14,MS,8273603164316460
1041,M,M,2,53010.8,N,18.84,OK,5750536046946210
1042,M,M,0,75004.5,N,64.8,MI,9694140221374440
1045,M,M,0,19749.3,N,60.366667,KS,6656691077295000
1046,M,S,1,57626.9,Y,43.906667,SD,5629180844325030
1047,M,M,2,20078,N,32.846667,OR,4309318404162550
1048,F,M,2,47902,N,26.033333,TX,4570185816735860
1059,F,S,0,78851.3,N,48.373333,AK,6207159676858600
1061,F,M,0,83891.9,Y,61.02,WA,3628602985094680
1066,F,M,2,5237.63,N,48.753333,PA,5283645991703260
1069,M,S,2,89459.9,N,53.28,FL,2630655731038630
1072,F,S,1,13576.5,N,39.426667,MO,7011608233267140
1073,F,S,0,81710.9,N,58.54,MT,9086529831240110
1084,F,S,1,7737.94,N,42.666667,WA,9074810056123710
1085,M,S,2,120000,N,42,LA,7379241677151030
1086,F,M,2,45287.6,Y,29.026667,LA,5968613339742520
1087,F,M,2,59613.1,N,34.32,ID,5007103084546930
1092,F,S,2,9559.78,N,51.38,GA,7626377835198280
1095,F,M,2,42031.8,N,50.753333,AK,2514094025928030
1098,M,M,1,39229.1,N,26.26,NC,7723117065670280
1099,F,D,1,68427.4,N,42.393333,IA,5856862964576140
1101,M,S,0,3601.71,N,49.266667,TN,1897334512511870
1103,F,S,0,98716.3,N,55.66,NH,2646528725568310
1104,F,S,2,66182.7,Y,62.48,IN,8214404265565640
1108,F,M,0,32703.1,Y,64.92,RI,5776419611697700
1113,F,S,2,38280,N,33.74,TX,2365636529286000
1114,M,S,0,64136.6,Y,61.106667,ID,6778992300232300
1116,F,M,2,45429.7,Y,61.713333,WV,9333482120291160
1132,F,S,1,13109.1,N,62.606667,AR,8857065579252800
1134,M,S,2,21021.6,Y,62.753333,IL,9146639846621760
1144,F,M,2,62061.8,Y,45.92,MA,3724932155718060
1145,F,M,1,20550.9,Y,22.12,ND,2460120085440800
1148,M,M,2,1765.41,N,18.766667,WY,9369798493349930
1159,F,S,2,2842.55,N,45.92,MS,1356978575429560
1160,M,M,2,22358.1,N,52.626667,GA,3235434985368190
1162,M,M,0,47870.8,Y,27.26,ID,3339264464985410
1163,F,S,2,6440.46,Y,43,NJ,7664064372077480
1178,M,S,0,65000,Y,52.266667,NE,9623891563458700
1182,M,M,2,1406.05,Y,19.306667,NJ,1452279197994380
1184,F,S,0,73228.3,N,46,KS,1591162478109090
1185,F,S,2,76231.9,N,63.806667,LA,8232458860323650
1193,F,S,0,93322.1,Y,40.313333,NE,1916985333728220
1198,M,M,1,63437.3,N,63.653333,CO,7643218047308900
1202,M,M,2,49910.7,Y,51.52,VT,9874502653004050
1204,M,M,1,76161.4,Y,44.573333,NY,4840164518564440
1206,F,S,1,12686,N,64.8,NE,2759538849966850
1214,M,M,2,57360.8,Y,53.253333,GA,7942723566833580
1215,M,M,0,92414.7,Y,45.513333,KS,7716109915834300
1218,F,M,2,17888.7,N,52.646667,SD,1833240667862700
1219,F,S,1,12526.3,N,53.553333,WY,2391958883166540
1222,F,S,2,14578.8,Y,60.933333,NH,5460434755237450
1225,M,M,0,78572.2,Y,42.346667,OR,7581715988610780
1227,F,M,2,48238.8,N,34.706667,AK,6170587305956250
1233,F,S,2,76791.2,N,43,AL,4939960870808070
1238,F,M,2,3193.6,N,54.046667,VT,5276414804474260
1243,M,D,0,2056.06,Y,18.94,IN,2416738566756830
1244,F,M,2,7776.6,N,35.706667,MS,6996181701565070
1246,M,S,0,78000,N,46,MN,9960174356274550
1248,F,M,2,69343.3,N,42.166667,HI,3011874692173070
1249,F,M,0,83287,N,42,ME,9328076688976830
1252,F,M,0,14932.5,N,70,MI,3905313108351610
1253,F,S,0,27498.1,N,70,NE,6241530356153410
1255,F,M,2,21419.9,N,59.833333,TX,4173280109239740
1256,F,M,2,30665.2,Y,22.88,MI,8007722767423190
1257,F,M,1,68000,Y,44,WI,9768636657128180
1260,F,S,2,23464,Y,55,MD,1454205886871350
1261,F,M,2,194.57,N,41,OH,5508634246639170
1262,F,M,1,98680.4,Y,62,WI,8318516612554150
1264,F,M,1,95620.3,Y,41,NH,8368714423101170
1265,F,D,1,85275,N,70,KY,3890275949138130
1267,F,M,1,98453.6,Y,55,MA,2329405465711570
1268,F,M,2,94026.8,Y,27.746667,KS,4536881986865240
1273,M,M,2,47639.1,N,61,SD,4578192967471480
1276,M,M,0,3911.9,N,59,WY,8876996686281990
1278,F,M,2,18296.4,Y,42.626667,MS,4019404779899010
1279,F,S,0,39461,N,22.226667,DE,7303535749117260
1280,F,M,1,71502.5,N,57,WI,2213358688354780
1281,F,S,1,66000,N,52,NH,8425086671982720
1282,F,M,1,95011.5,N,52,DE,1136135261090510
1283,M,M,1,47371,Y,54.96,SD,8674865979534030
1284,F,M,2,52957,Y,39.746667,FL,7629221261480110
1287,F,M,1,87404.6,N,63.186667,PA,7940700295111910
1290,F,S,0,2121.36,N,39.786667,LA,7116537216237390
1291,F,M,2,63566.1,Y,56.3,NV,1778450478473600
1292,F,M,0,52089.6,N,48,SD,9612271290211390
1296,F,M,2,82644.2,Y,33.493333,AK,3774913285294140
1299,F,M,1,38738.3,N,60,HI,6124064511708860
1300,F,M,2,60485.5,N,41.666667,GA,3333487142687450
1301,F,M,1,56722.8,N,60.593333,TX,6700086790868320
1303,F,M,2,809.43,Y,31.913333,KY,7841899191565720
1304,M,S,1,76529.8,N,58.28,OR,4360441294705150
1305,F,M,2,34577.7,N,63.253333,CT,2195160672220440
1306,M,M,0,23000,Y,61.02,TN,4195194289197810
1307,F,M,0,77000,N,55,ND,1946768334484090
1309,F,M,0,98056.3,N,55.966667,MI,9986938183375320
1310,M,M,0,73400,Y,53.213333,AR,7970206234388650
1311,F,M,0,53432.2,Y,57,TX,5283895834291920
1312,M,M,0,78894.2,N,52.74,HI,7812606868754610
1313,M,S,1,16432.1,Y,20.92,WI,3935965814274530
1314,M,M,0,62797.9,N,54.446667,MI,8422074109655840
1315,M,S,1,71329.9,Y,42.233333,NM,1867475806740890
1316,F,S,0,91498.9,N,52,IA,9146695438230560
1317,M,S,0,3601.71,N,49.266667,MO,1377957459006480
1318,F,S,1,33084.3,Y,50.313333,NJ,5539209369759060
1319,F,S,0,20913.6,N,53.013333,NV,4029351894471400
1321,F,S,1,49553.9,Y,48,MI,2277971672153000
1322,F,S,1,540.4,Y,39.213333,RI,6615852439963590
1327,F,M,1,88759.5,N,60,MI,6169277629929990
1331,M,S,0,2805.01,Y,25,TX,2259574658631080
1332,F,S,0,5185.31,N,62.053333,VA,9060638474893370
1334,F,S,0,38000,N,22.433333,PA,5266888813540900
1336,F,M,2,80087.7,N,41.92,DE,7533881703993080
1339,F,S,2,11251.1,Y,43,TX,8133679657613650
1341,M,M,0,70908.7,N,49.62,SC,5844514084361880
1342,M,S,0,94928.3,N,40.18,MI,1159772464872050
1344,F,M,2,50622.3,N,40.46,MO,9679666043179790
1346,M,M,0,78000,Y,50,OK,1890642394172740
1353,F,M,1,56722.8,N,60.593333,OR,9041031723696370
1355,M,M,1,80000,N,39,SC,2013461995840110
1359,F,M,2,8032.16,N,45.666667,CA,8938890931668290
1360,F,S,0,93454.3,Y,48.533333,RI,8196366908872870
1362,F,S,0,83287,N,60,SD,8749474626904540
1363,F,S,0,92564.1,Y,49.133333,ID,9326956612277970
1365,M,S,0,70000,Y,48,WV,2803451109081460
1367,F,M,2,48322.5,Y,49.333333,AR,3381682691921360
1369,M,S,2,78373.5,N,35.346667,NM,1702138953379970
1374,F,M,2,69486.8,N,30.946667,TX,1497037142855950
1375,F,M,2,24482.8,N,33.533333,GA,5015553314966060
1378,F,M,2,92103.8,N,52.153333,NV,6787604281308340
1379,F,S,2,8392.14,Y,36.68,CA,9907304224897160
1380,F,S,0,17138.2,N,63.786667,AZ,6024425718295780
1384,F,D,1,67239.4,N,44.433333,WV,3911390699924350
1385,M,M,1,69406.7,Y,46.826667,WI,9550633742577340
1387,F,M,2,83259.3,N,50.88,WY,7799342953615590
1399,F,M,2,11234.7,Y,49.046667,TX,1510311923028440
1401,F,M,2,36660.9,Y,39.96,NM,9542689078024760
1403,F,M,2,68462.8,N,34.4,AL,1826818650145080
1406,F,M,2,72841.3,N,47.02,OR,8961159346179140
1407,F,M,2,63670.8,Y,46.146667,ID,3449625528365490
1408,M,S,0,66666,N,77,NC,1542383899702850
1409,F,S,1,77000,Y,45.486667,PA,2664978535194850
1410,M,M,0,12387.6,N,56.173333,CT,6234764756897900
1413,F,M,2,57483.9,N,44.026667,WV,3379969788586700
1418,F,M,2,36725.1,N,55.793333,IN,9676429031399980
1422,M,S,1,94188.3,N,57.546667,RI,6664432510926340
1428,F,S,1,12374.9,Y,33.493333,NM,9326665104090660
1429,F,M,2,69133.9,Y,26.833333,MI,2605376457068890
1431,F,M,2,84948,Y,29.446667,NE,8889065320170190
1432,F,M,2,30998.8,N,40.96,OR,3124161931720120
1438,M,M,2,21416.5,N,35.653333,IL,9882732983054410
1445,M,M,0,60101.1,Y,63.766667,MO,9996126063554140
1447,F,M,1,40120,N,24,MD,3399137352461320
1448,F,M,2,49745.3,N,47.966667,MN,5737594381374140
1451,F,M,2,98003.7,Y,26.273333,IA,6157369346709810
1453,F,S,0,74530.8,N,63.086667,NY,9505786222936210
1455,F,S,0,40120,N,24,MD,5602054849389030
1460,F,M,2,76289.2,N,48.206667,SC,8787485302029290
1462,M,M,1,66931.9,N,63.933333,AK,7747445156216840
1463,F,S,0,40120,Y,23,ND,1452716319619860
1464,F,M,1,14085.5,N,24,WI,6700975542816460
1465,F,S,0,32962.6,N,21,VA,7834563997334570
1466,F,S,0,42000,N,22,LA,8652003139192390
1467,F,S,2,43000,N,20,RI,1210288964040010
1468,F,D,1,77726.4,N,56.72,WV,3571167355422800
1469,F,S,2,42000,N,18,NC,5713076265993590
1480,F,M,2,98217.1,N,44.98,UT,9792252362177370
1482,F,S,1,2929.13,N,53.506667,CO,8607405242686860
1484,F,M,2,41876.6,Y,44.093333,NV,8550768170761660
1491,M,S,0,80221.2,N,29.026667,NJ,6678118239915820
1492,M,S,0,84479.2,N,32,MT,2275414208103460
1494,F,M,0,77994,N,50.553333,SC,9258745553942730
1496,F,M,0,59008.4,Y,30.18,NV,3730654100073300
1497,M,M,2,5265.35,N,52.873333,ME,2107730991239470
1498,M,S,1,84978.1,N,21.64,DE,2554542777431820
1499,F,M,2,36647.9,N,49.986667,HI,9521464309180460
1503,F,M,2,16962.2,N,45.36,UT,6431428033054540
1505,M,M,2,10708.3,N,26.026667,MO,2983354131737930
1508,F,M,0,2031.61,N,20.3,ND,2582034743874650
1515,F,M,0,55221,N,47,WI,5226817383805290
1516,F,M,1,8073.11,N,48,MO,3913080873771540
1519,M,S,2,63152.6,Y,63.173333,WV,9839457997007280
1522,F,S,0,42760.5,N,52.646667,NY,7675462064330650
1523,F,S,1,49072,N,62,TN,5404079729931810
1524,F,M,0,27371.8,Y,41,NE,5276037584078760
1529,F,M,0,95405.7,N,43,NH,8464283169850070
1530,F,S,0,95786.8,Y,46,MD,3709969746761420
1532,M,S,0,90321.6,N,55.113333,CO,9990836790424240
1533,M,S,0,90478.6,N,54.553333,AR,6340373791234070
1534,F,M,2,56187,N,55,PA,5978949471794700
1537,F,S,1,42000,N,24.393333,LA,7281810854072740
1542,M,M,2,29616,N,49.426667,KY,9214196756794350
1547,M,S,2,96.33,N,56.473333,KS,4416108475205540
1553,M,M,2,53010.8,N,18.84,NE,4827924994850830
1559,M,D,0,20078,N,32.846667,MD,3343195708422120
1560,F,M,2,47902,N,26.033333,UT,4852246311204420
1572,F,S,1,17540.7,Y,62.786667,TX,7402099107414300
1573,F,M,0,83891.9,Y,61.02,KS,2486441782719080
1574,F,S,2,28220.8,N,38.766667,ID,6087002157531050
1581,M,S,2,89459.9,N,53.28,KY,1333919305038070
1584,F,S,1,13576.5,N,39.426667,AK,9456000454924850
1589,F,M,1,57063,Y,52.333333,NJ,8208711993733250
1596,F,S,1,7737.94,N,42.666667,CA,7256529170064240
1597,M,S,2,65000,N,45,AK,3975600308164620
1598,F,M,2,45287.6,Y,29.026667,TX,7352873139805770
1599,F,M,2,59613.1,N,34.32,IN,3575360145539660
1601,F,S,1,16326.7,N,50.613333,OR,6086928112938400
1604,F,S,2,9559.78,N,51.38,NY,8836891113557580
1610,M,M,1,39229.1,N,26.26,KY,4311685764788550
1615,F,S,0,98716.3,N,55.66,UT,9374228818851490
1616,F,S,2,66182.7,Y,62.48,NH,6091025469269640
1619,F,M,2,35976.5,Y,48.853333,MO,7290940835493730
1620,F,M,0,32703.1,Y,64.92,OH,4306029297901190
1622,F,M,2,8204.72,N,52.973333,TX,1381678954096480
1623,M,M,1,97180.4,N,33,TX,7358175271629360
1626,M,S,0,64136.6,Y,61.106667,AZ,3437550747513410
1628,F,M,2,45429.7,Y,61.713333,GA,8205589915037610
1630,F,S,0,25285.5,N,53.986667,MT,7168554525309280
1640,M,S,2,43634.5,N,21.78,NH,1511273986516410
1644,F,S,1,13109.1,N,62.606667,MT,5250952929907810
1645,M,S,1,92647.5,N,56.046667,KY,5653218996654150
1646,M,S,2,21021.6,Y,62.753333,GA,3768677154839290
1647,M,S,0,74460.7,Y,55.34,NY,1383206822298710
1650,F,S,2,28787.4,N,41.666667,AZ,2096053556289070
1656,F,M,2,62061.8,Y,45.92,AZ,5012096265107010
1657,F,M,1,20550.9,Y,22.12,ME,5375922900554230
1663,F,S,2,19131.1,N,56.186667,NY,8750411027570190
1669,M,M,2,42750.3,Y,50.493333,VT,4663191045157060
1671,F,S,2,2842.55,N,45.92,NY,3634730703423380
1672,M,M,2,22358.1,N,52.626667,NC,8988457682543830
1674,M,M,0,47870.8,Y,27.26,AK,9278191021585030
1675,F,S,2,6440.46,Y,70,WI,4919517600983670
1676,F,S,0,7325.5,N,36.92,CO,7060416962403060
1677,M,M,1,63900.9,N,28.333333,NV,8229489451776180
1678,M,M,2,28766.9,N,46.84,MS,5185455037268430
1690,M,S,0,69000,Y,42,MA,6026816483113330
1694,M,M,2,1406.05,Y,19.306667,IA,5069038574493880
1696,F,S,0,73228.3,N,61,FL,4399460868207210
1697,F,S,2,76231.9,N,63.806667,AK,7717113935846990
1710,M,M,1,63437.3,N,63.653333,NM,1357811191521680
1714,M,M,2,49910.7,Y,51.52,AK,5949250721729790
1716,M,M,0,76161.4,Y,44.573333,NH,2295946687750030
1728,M,M,0,60102.7,N,42.14,RI,2778322500086320
1730,F,M,2,17888.7,N,43,NM,3110809345323740
1731,F,S,1,12526.3,N,53.553333,IL,3103029419232740
1734,F,S,2,14578.8,Y,60.933333,MN,1339572524321010
1737,M,M,0,78572.2,Y,42.346667,OK,7635993465725100
1739,F,M,2,48238.8,N,34.706667,DE,8914986246619380
1742,F,M,2,87578.2,Y,53.366667,AL,4794857698374480
1754,F,M,0,83287,N,67,OR,6462745543171670
1755,M,S,0,2056.06,Y,18.94,SD,8740551818949840
1756,F,M,2,7776.6,N,35.706667,RI,9422125046914330
1758,M,S,0,68000,N,63.353333,TX,9689022225541250
1760,M,M,0,69343.3,N,42.166667,IA,9133666130144330
1765,F,S,0,27498.1,N,43,NV,2444307995160860
1767,M,M,2,21419.9,N,59.833333,DE,4332349350320760
1768,M,M,2,30665.2,Y,22.88,UT,9539951265553880
1772,F,S,2,23464,Y,52,WV,6717315725997310
1773,F,M,2,194.57,N,70,MA,5788327246429220
1774,F,M,1,98680.4,Y,70,RI,7985230571290080
1775,M,M,0,65619.7,Y,52,NJ,7577595741332530
1778,F,M,1,66921.4,Y,52.646667,AR,6067682865199660
1779,F,M,1,98453.6,Y,62,OH,8192630833142920
1780,F,M,2,94026.8,Y,27.746667,UT,2450772674541010
1785,M,M,2,47639.1,N,43,WA,4136911197116820
1788,M,M,0,3911.9,N,38.413333,WA,8699506919173150
1790,F,M,2,18296.4,Y,42.626667,WY,7003996707366430
1796,F,M,2,52957,Y,39.746667,NH,7876165115904880
1797,F,S,2,86747.1,N,64.853333,VT,7854233660404690
1799,F,M,1,87404.6,N,63.186667,IN,5252812214975530
1801,F,M,2,85394,Y,20.16,IA,5705400389632650
1802,F,S,0,2121.36,N,39.786667,NV,6826584219843040
1803,F,M,2,63566.1,Y,56.3,TX,2248698557381590
1808,F,M,2,82644.2,Y,33.493333,SC,3071468433980060
1815,F,M,2,809.43,Y,31.913333,RI,3654342762172830
1816,M,S,1,76529.8,N,58.28,OH,3346271805360300
1817,F,M,2,34577.7,N,63.253333,SD,5322874758031330
1820,F,S,2,19008.4,Y,52.166667,WY,9010902687543320
1821,F,M,0,98056.3,N,55.966667,UT,1251606436619830
1824,M,M,0,78894.2,N,34,AZ,5159866510807270
1827,M,S,1,71329.9,Y,42.233333,OK,8552603309880770
1840,M,M,1,75799.9,N,46.38,OH,5225698772555880
1841,F,S,2,15688.5,N,53.06,AR,5769674248287680
1844,F,S,0,5185.31,N,62.053333,MI,9639302921757650
1846,F,S,0,37000,N,22.433333,AK,2592669407137560
1849,F,M,2,59691.3,N,38.04,WY,3508341186311420
1851,F,S,2,11251.1,Y,47,WI,9682617484146810
1854,M,S,0,94928.3,N,40.18,NY,6424294114537710
1856,F,M,2,50622.3,N,40.46,MN,2885214905012880
1863,M,S,1,37626,N,33.866667,KS,5626602675927130
1865,F,M,1,56722.8,N,60.593333,UT,9189924313567930
1867,M,M,1,120000,N,64.226667,IN,5141662159512960
1868,F,S,2,3416.62,Y,22.76,IA,7195139117564650
1869,F,M,0,73069.1,Y,55.633333,ME,2601549387032800
1870,M,M,1,80000,Y,53.213333,MA,4857639167460270
1871,F,M,2,8032.16,N,45.666667,NV,7811157009606130
1872,F,D,1,93454.3,Y,48.533333,PA,3642881622466370
1875,F,S,0,92564.1,Y,49.133333,ME,6056312036613860
1882,F,M,2,81913.8,Y,49.66,NV,4011939751199210
1890,F,M,2,92103.8,N,52.153333,KS,3394505121646860
1891,F,S,2,8392.14,Y,36.68,RI,2899126091448430
1896,F,S,0,67239.4,N,44.433333,SC,1138715489096520
1899,F,M,2,83259.3,N,50.88,ND,7306964378951980
1908,M,M,1,76511.3,N,62.08,AR,7478787123657200
1910,F,M,1,6946.07,N,20,ND,9356022252420730
1911,F,M,2,11234.7,Y,49.046667,NV,2143106635859460
1913,F,M,2,36660.9,Y,39.96,AZ,4129490428777990
1915,F,M,2,68462.8,N,34.4,FL,1521090278680390
1918,F,M,2,72841.3,N,47.02,UT,3609217088984380
1919,M,M,1,63670.8,Y,46.146667,FL,3845803751718900
1922,M,M,0,12387.6,N,56.173333,AL,4066883193680960
1925,F,M,2,57483.9,N,44.026667,WI,8630448967753620
1927,F,S,2,21274,N,45.526667,GA,9581915491048600
1928,F,M,2,28267,N,30.093333,MS,7476769692005300
1930,F,M,2,36725.1,N,55.793333,NV,9544836463806550
1934,M,S,1,94188.3,N,57.546667,MA,7744156115632390
1937,F,M,2,91861,Y,41.98,AK,9183958711304960
1940,F,S,1,12374.9,Y,33.493333,TX,5913514797267340
1941,F,M,2,69133.9,Y,26.833333,IA,7649063610095000
1943,F,M,2,84948,Y,29.446667,IN,2119110904791210
1958,F,M,2,38215.9,N,30.886667,WV,9557351797481390
1960,F,M,2,49745.3,N,47.966667,AL,2821313236276830
1964,M,S,0,89142.7,N,53.693333,HI,3664170864190180
1965,F,S,0,74530.8,N,63.086667,IL,7879677991864930
1967,F,S,0,30000,N,23,OH,4267209000521970
1974,M,M,1,66931.9,N,63.933333,ID,3562404946414760
1975,M,M,2,9309.57,Y,25.44,NY,5988938004129590
1977,F,S,0,32962.6,N,24,TX,1950006099399420
1979,F,S,2,39000,N,22,IA,4424122464231260
1981,F,S,2,42000,N,19,MA,1230169432849310
1986,F,M,2,90271.6,N,44.926667,ID,4901078383679870
1996,F,M,2,41876.6,Y,44.093333,MS,4102813030506750
1997,M,M,0,96223.4,Y,64.76,NJ,7075603241935220
1998,F,S,0,15989.3,N,61.693333,NM,1333517710114510
1999,M,M,0,69168.4,Y,62.426667,LA,5787597720706190
2000,M,M,1,92148.5,Y,30,AR,8386881849500060
2002,M,S,0,62705.9,Y,38,MS,2299884575482990
2003,M,S,0,80221.2,N,29.026667,NJ,4597031569466330
2004,M,S,0,84479.2,N,39,KY,4042103875673490
2007,M,M,2,90103.7,N,34.946667,MA,5154451748630510
2008,F,M,0,59008.4,Y,30.18,CT,3230845223134810
2010,M,S,1,84978.1,N,21.64,NY,7246230975984370
2011,F,M,2,36647.9,N,49.986667,WI,2502061009757210
2012,F,S,0,64319.2,N,41.226667,WI,4263777796972600
2013,F,S,1,73338,N,48.246667,MS,9483282530513870
2014,F,S,0,433.74,N,60.746667,ND,6462058865502590
2015,F,M,2,16962.2,N,45.36,HI,2084605230808890
2017,M,M,2,10708.3,N,26.026667,RI,7854869550413410
2020,F,M,0,2031.61,N,20.3,KY,8512041796505150
2027,F,M,0,55221,N,61,MT,8514653018485440
2028,F,M,1,8073.11,N,55,LA,9307544263678450
2029,M,M,0,95448.6,Y,53.68,MD,2455789606637850
2031,M,S,2,63152.6,Y,63.173333,ME,2842323337573130
2032,M,S,1,31952,N,34.266667,AZ,8326770012015150
2033,M,S,2,72084.7,N,55.64,PA,1341894923289860
2034,F,S,0,42760.5,N,52,ND,7312567384951710
2036,F,M,0,27371.8,Y,43,NJ,7961808587104300
2040,M,M,1,71472.9,N,41.913333,ID,3064870778210820
2042,F,S,0,95786.8,Y,52,NC,3971759579843180
2044,M,S,0,90321.6,N,55.113333,IA,9777647473675090
2045,M,D,1,90478.6,N,54.553333,MS,2150842429550710
2046,F,M,2,56187,N,46,SC,9025898555454690
2060,M,M,0,19749.3,N,60.366667,KY,5247821925478840
2062,M,M,2,20078,N,32.846667,WA,8868863300012060
2063,F,M,2,47902,N,26.033333,KY,8746046858796260
2071,F,S,1,13576.5,N,39.426667,WA,6011072838338380
2073,F,M,2,42031.8,N,50.753333,NY,8932030603695360
2078,M,S,2,43634.5,N,21.78,HI,5879458525050660
2082,F,S,1,13109.1,N,62.606667,CT,9447818618866600
2084,M,S,2,21021.6,Y,62.753333,RI,8272876052956470
2085,M,S,0,74460.7,Y,55.34,NY,5914528498943230
2087,F,S,2,28787.4,N,41.666667,MD,5008016264500810
2090,M,M,1,13091.6,N,59.126667,OK,9465612934165040
2093,F,M,2,62061.8,Y,45.92,NJ,3237498562723940
2094,F,M,1,20550.9,Y,22.12,OR,4164288072340580
2101,M,M,0,47870.8,Y,27.26,MN,8984547005558610
2109,M,M,2,91272.2,Y,25.033333,NM,7086441547945480
2114,F,S,0,73228.3,N,52.646667,OR,5411706897133380
2117,M,M,1,64792.3,N,52.146667,NC,9481240178919990
2131,M,M,2,57360.8,Y,53.253333,AK,6490744114677350
2134,F,S,2,14578.8,Y,60.933333,NM,9111958850167390
2135,F,M,2,87578.2,Y,53.366667,TX,7554282576151690
2141,M,M,1,2067.82,N,47.853333,IL,6924897828123890
2144,M,M,2,30665.2,Y,22.88,IA,1857698598591150
2145,F,M,1,83287,Y,47,MN,9102774075900830
2146,F,M,1,98680.4,Y,42,LA,9206521532465040
2148,F,M,1,95620.3,Y,43,MI,5317015609711350
2149,F,S,0,85275,N,47,ME,6561628732318130
2150,F,M,1,66921.4,Y,62,KY,5252209764811320
2155,M,M,2,47639.1,N,48,CT,7455871937374440
2158,F,S,0,39461,N,22.226667,NM,8546237222292670
2159,M,M,1,47371,Y,54.96,MO,5500462440950380
2162,M,S,1,16432.1,Y,20.92,MA,5196225974072050
2165,F,S,1,540.4,Y,39.213333,FL,6337179021022920
2167,F,M,2,80087.7,N,41.92,MD,8425935144290830
2168,F,M,2,59691.3,N,38.04,WA,8163078657429390
2169,F,S,2,11251.1,Y,52.646667,NH,7971756301689050
2173,F,S,2,93559.1,N,57.62,LA,6600693051787170
2174,F,S,2,3416.62,Y,22.76,OR,9874458761807220
2175,F,S,0,93454.3,Y,48.533333,NM,6313929879260150
2181,M,S,2,60095.2,Y,23.313333,AZ,9139258338944620
2182,F,M,1,6946.07,N,20,SD,6919462440673490
2183,F,M,2,11234.7,Y,49.046667,HI,8741868802507750
2184,M,M,0,12387.6,N,56.173333,WV,6460282403987450
2185,F,M,1,82931.3,N,64.64,KS,6651176947251620
2186,F,M,2,57483.9,N,44.026667,NV,7803894136402820
2188,F,S,2,21274,N,45.526667,AZ,3212194816825650
2189,F,M,2,28267,N,30.093333,WA,7592669523838050
2191,F,M,2,36725.1,N,55.793333,IN,2923539100610030
2195,M,S,1,94188.3,N,57.546667,OH,1804321748221010
2198,F,M,2,91861,Y,41.98,VA,4910207237271940
2201,F,S,1,12374.9,Y,33.493333,CA,7411187722086660
2202,F,M,2,69133.9,Y,26.833333,PA,2932199815331190
2205,F,M,2,30998.8,N,40.96,VT,2171499960040540
2211,M,M,2,21416.5,N,35.653333,ME,4875279673045850
2216,F,M,2,38215.9,N,30.886667,MT,6615306778578520
2217,F,M,1,13829.4,N,21,MT,2925334723967950
2218,F,M,2,49745.3,N,47.966667,TX,5396687173774080
2221,F,M,2,98003.7,Y,26.273333,IA,4610652916498140
2222,M,S,0,89142.7,N,53.693333,DE,4470080085354730
2223,F,S,0,74530.8,N,63.086667,CT,7426090152901960
2225,F,S,0,38000,N,24,MS,4215824564334760
2230,F,M,2,76289.2,N,48.206667,AZ,2567791568077040
2232,M,M,1,66931.9,N,63.933333,MN,9995916484001490
2233,M,M,2,9309.57,Y,25.44,RI,7713229268937460
2234,F,M,1,32962.6,N,23,WY,2344180394844180
2236,F,S,0,43000,N,21,IA,2760509496860010
2239,F,S,2,37000,N,23,ME,5478540719277720
2243,F,M,2,90271.6,N,44.926667,OK,2914713663857000
2252,M,M,1,92148.5,Y,28,AL,5715295371776100
2254,M,S,0,62705.9,Y,33,MO,5944900481310310
2257,M,S,1,84978.1,N,21.64,NM,7675619236264350
2258,F,M,2,36647.9,N,49.986667,ND,3422869240838270
2259,F,S,0,64319.2,N,41.226667,DE,6226646263399400
2260,F,S,1,73338,N,48.246667,DE,2176081151997620
2261,F,S,0,433.74,N,60.746667,VA,5831917016444070
2267,F,M,0,2031.61,N,20.3,OK,2043316889837540
2270,F,S,2,16938.5,N,70,MD,5980027860371520
2274,F,M,1,8073.11,N,52,AK,4018679322599630
2275,M,M,1,95448.6,Y,53.68,WV,2632199256262000
2279,M,S,2,72084.7,N,55.64,FL,6110919075775590
2280,F,S,0,42760.5,N,42,DE,3107678486366570
2281,F,S,1,49072,N,43,NC,5665572597218430
2282,F,M,0,27371.8,Y,46,GA,6403661932851710
2285,M,M,0,71472.9,N,41.913333,IN,1318919227694510
2286,F,M,0,95405.7,N,46,IN,8739988477183800
2287,F,S,0,95786.8,Y,47,NH,4209145502239760
2289,M,S,0,90321.6,N,55.113333,AR,8772274077173960
2290,M,S,0,90478.6,N,54.553333,AR,6823870892416310
2291,F,M,2,56187,N,48,OH,6225260884112420
2294,F,S,1,32098,N,24.393333,ID,2638465826001430
2301,M,M,1,75004.5,N,64.8,SD,5398725632570220
2304,M,M,0,19749.3,N,60.366667,AL,3018313217913220
2305,M,S,1,57626.9,Y,43.906667,MT,2640287470029930
2315,F,S,1,13576.5,N,39.426667,AL,7405006655815720
2317,F,M,2,42031.8,N,50.753333,NC,2001212229924100
2322,M,S,2,43634.5,N,21.78,HI,6225210231627350
2327,M,S,1,92647.5,N,56.046667,MN,4066558987548990
2328,F,S,2,21021.6,Y,62.753333,MA,8738287336498510
2331,F,S,2,28787.4,N,41.666667,HI,4697082920709480
2342,F,S,2,19131.1,N,56.186667,RI,9137911853663000
2347,M,S,2,43634.5,N,21.78,CA,7202817466540180
2352,M,S,1,92647.5,N,56.046667,CO,8626623046676540
2354,M,S,0,74460.7,Y,55.34,UT,8248079554294510
2359,M,M,1,13091.6,N,59.126667,NM,7540954237599420
2362,F,M,2,62061.8,Y,45.92,CT,6303180658256220
2363,F,M,1,20550.9,Y,22.12,NE,1153476204481820
2367,F,S,2,19131.1,N,56.186667,SD,3391567007996230
2371,F,S,2,6440.46,Y,41,MN,6442161398804760
2372,M,M,1,63900.9,N,28.333333,RI,4928981065625380
2373,M,M,2,28766.9,N,46.84,OR,8051807898023910
2377,M,S,0,72928.2,N,38.733333,NJ,2285311836732050
2388,F,S,0,93322.1,Y,40.313333,TN,8887776025334650
2391,M,M,2,49910.7,Y,51.52,CT,8769424629546560
2392,M,M,0,76161.4,Y,44.573333,TN,1355101044583660
2400,M,M,2,57360.8,Y,53.253333,TN,8367680776751770
2403,F,S,2,14578.8,Y,60.933333,AR,2529844402629890
2404,F,M,2,87578.2,Y,53.366667,ME,4355841231761110
2413,M,M,2,30665.2,Y,22.88,ME,4340989557225930
2415,F,M,1,98680.4,Y,48,WV,8181113647284340
2417,F,M,1,95620.3,Y,52.646667,OR,4540585526267250
2419,F,M,1,66921.4,Y,70,NE,3660477735397090
2420,F,M,1,98453.6,Y,61,NC,2878941804363490
2422,F,S,2,57420,Y,52,OR,2419446415614300
2423,M,M,0,70000,N,55,CT,3416328717548210
2424,M,M,2,47639.1,N,41,TN,7638536420844590
2427,F,S,0,39461,N,22.226667,NJ,2013585938242880
2431,M,S,1,16432.1,Y,20.92,MT,9611642535379520
2434,F,S,1,540.4,Y,39.213333,GA,9237784259660530
2436,F,M,2,80087.7,N,41.92,SD,7366199200000230
2437,F,M,2,59691.3,N,38.04,SD,3684520595375290
2438,F,S,2,11251.1,Y,41,CT,9824508706544380
2443,F,S,2,3416.62,Y,22.76,OK,2657402728977950
2451,F,M,1,13829.4,N,24,CA,3534719617242320
2454,F,M,1,82931.3,N,64.64,KY,4968703881461290
2455,F,M,2,57483.9,N,44.026667,NM,3383953487693150
2457,F,S,2,21274,N,45.526667,AR,1709566970605770
2458,F,M,2,28267,N,30.093333,MO,9819500814985680
2460,F,M,2,36725.1,N,55.793333,VA,3740987193790070
2467,F,M,2,91861,Y,41.98,WY,2832560041134790
2470,F,S,1,12374.9,Y,33.493333,ID,7706376345449660
2471,F,M,2,69133.9,Y,26.833333,IA,7112757622442830
2473,F,M,2,84948,Y,29.446667,FL,7100132082647550
2474,F,M,2,30998.8,N,40.96,OK,9575674224286050
2480,M,M,2,21416.5,N,35.653333,UT,2893331396405730
2485,F,M,2,38215.9,N,30.886667,MS,4320665830409150
2487,F,M,2,49745.3,N,47.966667,CO,7569482122016980
2490,F,M,2,98003.7,Y,26.273333,IN,5406484984277750
2491,M,S,0,89142.7,N,53.693333,AR,6070096955356410
2494,F,S,0,41000,N,22,OK,3670241550408840
2499,F,M,2,76289.2,N,48.206667,SC,4649412743041940
2502,M,S,0,9309.57,Y,25.44,OH,5879872469026380
2503,F,M,1,32962.6,N,24,TX,1321579778728250
2504,F,S,0,42000,N,21,MT,7077033641421030
2507,F,D,1,77726.4,N,56.72,AK,5592832649211770
2508,F,S,2,35089,N,18,NH,9044422294918440
2509,F,S,1,2800.68,N,45.673333,VA,2070524583785960
2512,F,M,2,90271.6,N,44.926667,DE,8257139504821630
2516,F,M,2,64816.6,Y,31.126667,OR,4525773974872640
2517,F,M,2,98217.1,N,44.98,NE,8996917153439530
2527,F,M,2,36647.9,N,49.986667,OR,2764008803788860
2529,F,S,1,73338,N,48.246667,OH,4864319577067060
2530,F,S,0,433.74,N,60.746667,KS,2016647826350600
2536,F,M,0,2031.61,N,20.3,WY,1779197179177860
2542,F,M,0,55221,N,46,OH,4247929131545430
2543,F,M,1,8073.11,N,47,PA,4524634667910910
2544,M,M,0,95448.6,Y,53.68,FL,6149117061517540
2548,M,S,2,72084.7,N,55.64,IA,8877344614457550
2549,F,S,0,42760.5,N,48,PA,2331421490157600
2550,F,S,1,49072,N,52.646667,UT,1576189569247090
2551,F,M,0,27371.8,Y,62,CA,4105167257850290
2556,F,S,0,95786.8,Y,41,AK,7122208020085220
2558,M,S,0,90321.6,N,55.113333,TN,3247304959644310
2559,M,S,0,90478.6,N,54.553333,AR,3855542045334450
2560,F,M,2,56187,N,43,NC,3339254677400760
2563,F,S,1,35000,N,24.393333,MT,4383389244427970
2565,M,M,0,9780.66,N,24.546667,NM,2874298098889320
2569,M,M,2,53010.8,N,18.84,GA,7708386352784160
2570,M,M,0,75004.5,N,64.8,WI,9405140187165870
2573,M,M,0,19749.3,N,60.366667,OR,3301423219269200
2575,M,S,0,20078,N,32.846667,TN,4489291775202090
2576,F,M,2,47902,N,26.033333,MA,1151277167420890
2584,F,S,1,13576.5,N,39.426667,AL,2996553781242590
2586,F,M,2,42031.8,N,50.753333,AZ,1488203173938580
2595,F,S,1,13109.1,N,62.606667,CA,3375039963834620
2598,M,S,0,74460.7,Y,55.34,CO,2218369787187480
2599,F,M,1,43894.5,N,40.18,AZ,3200593322547440
2600,F,S,2,28787.4,N,41.666667,AZ,6085674910154220
2601,F,S,1,94278.7,Y,53.12,AZ,1640421120172800
2604,F,M,0,91708.4,N,37.293333,ID,2004740794441740
2605,F,S,0,64335,Y,19.066667,MD,4878762773075950
2606,F,M,2,62061.8,Y,45.92,DE,8344258415830020
2608,F,S,0,76142,N,32.02,KS,1901221094143500
2609,F,M,1,46513.5,N,30.053333,CO,6762694128693620
2610,M,S,1,1765.41,N,18.766667,AR,4393201506972790
2611,F,S,2,19131.1,N,56.186667,AR,8659916209385850
2613,F,S,2,38280,N,33.74,ND,2270860303486450
2617,M,M,2,28766.9,N,46.84,ID,4002734330348780
2618,F,M,1,56722.8,N,60.593333,OK,9489682798371150
2621,M,S,0,72928.2,N,38.733333,WV,5791795554175610
2622,M,M,2,91272.2,Y,25.033333,SC,4047640066114470
2627,F,S,0,73228.3,N,70,NC,7385357860342240
2630,M,M,1,64792.3,N,52.146667,NE,5019247003649280
2632,F,S,0,93322.1,Y,40.313333,ND,7032816547145490
2635,M,M,2,49910.7,Y,51.52,CT,5686010097123900
2645,M,M,1,92414.7,Y,45.513333,GA,1453421556493590
2647,F,S,2,14578.8,Y,60.933333,AZ,2904441130522960
2648,F,M,2,87578.2,Y,53.366667,MD,3626446188501920
2653,F,M,0,66666,N,60,MT,3002166155218870
2654,M,M,1,2067.82,N,47.853333,NC,3429811118963600
2657,M,S,0,30665.2,Y,22.88,LA,1951582443548340
2659,F,M,1,98680.4,Y,43,OK,4174963871217700
2660,M,M,0,65619.7,Y,46,LA,3630896226202690
2661,F,M,1,95620.3,Y,46,RI,9722833990646440
2662,F,S,0,85275,N,70,AZ,5075515214814480
2663,F,M,1,66921.4,Y,55,CO,8478219192150490
2666,F,S,2,57420,Y,43,IA,1954596879068670
2675,M,S,1,16432.1,Y,20.92,MN,6954316730651800
2678,F,S,1,540.4,Y,39.213333,SD,5345719235928260
2680,F,M,2,80087.7,N,41.92,AL,9005799526744530
2681,F,M,2,59691.3,N,38.04,WY,7453894323450760
2685,M,S,1,37626,N,33.866667,RI,9075645816649950
2687,F,S,2,3416.62,Y,22.76,SD,1328764423397960
2695,F,M,1,13829.4,N,20,MS,7918850488258150
2698,F,M,1,82931.3,N,64.64,SD,5152985998135400
2699,F,M,2,57483.9,N,44.026667,MS,6090222694710500
2702,F,M,2,28267,N,30.093333,WY,5344306232257900
2704,F,M,2,36725.1,N,55.793333,MD,2549833452138240
2708,M,S,1,94188.3,N,57.546667,NC,2354386783847700
2711,F,M,2,91861,Y,41.98,AR,9515587005135740
2714,F,S,1,12374.9,Y,33.493333,TX,4312754570040070
2717,F,M,2,84948,Y,29.446667,ME,7456189384157440
2718,F,M,2,30998.8,N,40.96,FL,2669784154378840
2730,F,M,1,14085.5,N,19,KY,3402336041931440
2736,F,S,0,74530.8,N,63.086667,AZ,8311745825754460
2738,F,S,0,32962.6,N,23,WA,3272937694700850
2745,M,M,1,66931.9,N,63.933333,SD,3225951832348440
2747,F,M,1,42000,N,24,WI,2323774007974500
2748,F,S,0,43000,N,24,MI,1165346486734980
2749,F,S,0,42000,N,23,MN,7941811262958960
2750,F,S,2,32098,N,22,MO,5101127880375890
2751,F,S,0,77726.4,N,56.72,CA,5566383666224910
2752,F,S,2,35000,N,19,MS,9287181114956370
2753,F,S,1,2800.68,N,45.673333,HI,4010433637464250
2760,F,M,2,64816.6,Y,31.126667,AR,7365102179468490
2764,F,S,0,15989.3,N,61.693333,MN,6379635012540230
2770,M,S,1,84978.1,N,21.64,OK,4467590344863620
2771,F,M,2,36647.9,N,49.986667,KY,5114558825554440
2772,F,S,0,64319.2,N,41.226667,CT,6429721513421520
2773,F,S,1,73338,N,48.246667,SC,5155585652174800
2775,F,M,2,16962.2,N,45.36,CA,7456209742149750
2786,F,M,0,55221,N,48,NC,5852610779318390
2787,F,M,1,8073.11,N,52.646667,NV,4977759113291060
2788,M,M,0,95448.6,Y,53.68,IN,2114420091220340
2792,M,S,2,72084.7,N,55.64,CT,9701586626601890
2793,F,S,0,42760.5,N,62,PA,9403169868862170
2798,M,M,1,71472.9,N,41.913333,RI,1431208267905610
2800,F,S,0,95786.8,Y,57.553333,CO,6426290170931220
2802,M,S,0,90321.6,N,55.113333,AL,4850470039047040
2803,M,S,0,90478.6,N,54.553333,OR,3837524844861910
2813,M,M,2,53010.8,N,18.84,SD,3205464476843580
2814,M,M,0,75004.5,N,64.8,ID,8515617939724640
2817,M,M,0,19749.3,N,60.366667,OH,4500027085919680
2818,M,S,1,57626.9,Y,43.906667,IL,8830241771862700
2825,M,S,2,89459.9,N,53.28,MO,7894660553160870
2829,M,M,0,9780.66,N,24.546667,KS,2061273380334430
2833,M,M,2,53010.8,N,18.84,MD,9366135841836380
2834,M,M,1,75004.5,N,64.8,OK,6656629195931200
2837,M,M,0,19749.3,N,60.366667,MD,6264644898797450
2838,M,S,1,57626.9,Y,43.906667,NC,7373057685441000
2840,F,M,2,47902,N,26.033333,HI,1669248682334390
2845,M,S,2,89459.9,N,53.28,VT,5818594314330180
2848,F,S,1,13576.5,N,39.426667,IA,6567343538479990
2850,F,M,2,42031.8,N,50.753333,ID,6579628093942440
2852,F,S,1,75397.8,Y,57.66,NE,7436901655852490
2854,M,M,0,92881.8,N,21.38,RI,3875410778014700
2855,M,S,2,43634.5,N,21.78,NV,3232299590306120
2856,F,S,0,68641.5,Y,47.98,CA,3495496717595650
2858,F,M,1,52490.1,N,19.193333,AZ,7166231971544240
2859,F,S,1,13109.1,N,62.606667,WV,8321795541492210
2860,M,S,1,92647.5,N,56.046667,HI,6972726667850620
2861,F,S,2,21021.6,Y,62.753333,KY,7016041482231380
2862,M,S,0,74460.7,Y,55.34,OK,5960757562816740
2863,F,M,1,43894.5,N,40.18,MA,2020571915210220
2864,F,S,2,28787.4,N,41.666667,OH,6689856680505580
2865,F,S,1,94278.7,Y,53.12,ID,6710110681104100
2866,F,M,0,83900.2,N,45.04,NH,6939356490889360
2867,M,M,1,13091.6,N,59.126667,GA,1409764539194910
2868,F,M,0,91708.4,N,37.293333,OR,2023864778266560
2874,M,M,2,1765.41,N,18.766667,NJ,5893635626468120
2875,F,S,2,19131.1,N,56.186667,VT,7393496287595240
2879,F,S,2,6440.46,Y,61,WV,2478237454930510
2881,M,M,2,28766.9,N,46.84,WV,9702945087553290
2894,M,M,1,64792.3,N,52.146667,WV,1411729775530410
2896,F,S,0,93322.1,Y,40.313333,DE,6688130833801680
2899,M,M,2,49910.7,Y,51.52,AR,8136834760348160
2900,M,M,0,76161.4,Y,44.573333,PA,5985218564993600
2908,M,M,2,57360.8,Y,53.253333,TX,9414316602782730
2911,F,S,2,14578.8,Y,60.933333,NY,2631819584404090
2912,F,M,2,87578.2,Y,53.366667,MI,7463183690791370
2917,F,M,0,68000,N,45.486667,MA,4947458235739150
2918,M,M,1,2067.82,N,47.853333,HI,4583535448310550
2922,F,M,1,80000,Y,63.353333,FL,3222313312913140
2924,F,M,2,65619.7,Y,55,MN,4808469759773750
2925,F,M,1,95620.3,Y,49.12,ME,1343428965544620
2928,F,M,1,98453.6,Y,43,DE,3878568623227260
2930,F,S,2,57420,Y,47,MA,1289726412300410
2931,M,M,0,58986.2,N,26.98,NE,6179961108436570
2932,F,M,2,47639.1,N,42,FL,4285496941727440
2935,F,S,0,39461,N,22.226667,IA,3690780178083190
2939,M,S,1,16432.1,Y,20.92,WA,3404679210484250
2942,F,S,1,540.4,Y,39.213333,MT,8808861599992250
2944,F,M,2,80087.7,N,41.92,AR,5275803509143830
2945,F,M,2,59691.3,N,38.04,DE,4686326728264990
2946,F,S,2,11251.1,Y,61,KS,9658953230395150
2951,F,S,2,3416.62,Y,22.76,VA,7267291253670440
2952,F,S,0,93454.3,Y,48.533333,AZ,8764528894929790
2960,F,M,2,11234.7,Y,49.046667,PA,9446027557463680
2962,F,M,1,82931.3,N,64.64,NE,6142245894548020
2963,F,M,2,57483.9,N,44.026667,AZ,6831471666507560
2965,F,S,2,21274,N,45.526667,WI,8082540947233510
2968,F,M,2,36725.1,N,55.793333,AR,8834657654029750
2972,M,S,1,94188.3,N,57.546667,AZ,6110645449775850
2975,F,M,2,91861,Y,41.98,WI,8687154729807150
2978,F,S,1,12374.9,Y,33.493333,UT,9708327795578760
2979,F,M,2,69133.9,Y,26.833333,CA,2995828216171020
2981,F,M,2,84948,Y,29.446667,WI,9546028518129140
2982,F,M,2,30998.8,N,40.96,WA,5840275329332060
2988,M,M,2,21416.5,N,35.653333,TN,8239202915791670
2993,F,M,2,38215.9,N,30.886667,IN,7972554845572040
2994,F,M,1,14085.5,N,21,AR,1416089940224890
2995,F,M,2,49745.3,N,47.966667,MN,1762666677508610
2998,F,M,2,98003.7,Y,26.273333,AK,6515794483057410
3000,F,S,0,74530.8,N,63.086667,MS,9052714136524110
3002,F,S,0,32962.6,N,24,IL,4244358691815830
3007,F,M,2,76289.2,N,48.206667,AZ,5397304974846450
3009,M,M,1,66931.9,N,63.933333,FL,1813778483288510
3010,M,S,0,9309.57,Y,25.44,AK,5763024436113630
3011,F,M,1,28000,N,23,MD,8480506782688450
3012,F,S,0,38000,N,24,CT,7501361461818630
3014,F,S,2,42000,N,22,MI,4363832444233250
3017,F,S,1,2800.68,N,45.673333,NC,3758115330391200
3024,F,M,2,64816.6,Y,31.126667,WY,7689962510975850
3025,F,M,2,98217.1,N,44.98,NJ,9113357576064640
3034,M,S,1,84978.1,N,21.64,MO,2237126683621450
3035,F,M,2,36647.9,N,49.986667,TN,6929874396930340
3037,F,S,1,73338,N,48.246667,MD,8070099132166710
3038,F,S,0,433.74,N,60.746667,PA,5058277909464090
3039,F,M,2,16962.2,N,45.36,SD,5757389511262720
3041,M,M,2,10708.3,N,26.026667,CA,6445042919148000
3044,F,M,0,2031.61,N,20.3,VT,5441688477661860
3047,F,S,2,16938.5,N,48,MT,1280446394897360
3051,F,M,1,8073.11,N,41,MI,5888325761780540
3054,M,S,2,63152.6,Y,63.173333,ID,6997424881454500
3056,M,S,2,72084.7,N,55.64,LA,6367150992030360
3057,F,S,0,42760.5,N,43,MA,9723829598354450
3058,F,S,1,49072,N,46,CT,2454937445359540
3059,F,M,0,27371.8,Y,70,MI,8520368253347860
3062,M,M,0,71472.9,N,41.913333,AR,3177052228970460
3066,M,S,0,90321.6,N,38,OH,2593634639128270
3067,M,S,1,90478.6,N,54.553333,IA,8949098959061320
3068,F,M,2,56187,N,43,MA,4567581581314770
3077,M,M,2,53010.8,N,18.84,ID,5608907304720280
3078,M,M,0,75004.5,N,64.8,CT,5191184346800350
3082,M,S,1,57626.9,Y,43.906667,ND,4703703768135970
3083,M,D,1,20078,N,32.846667,CO,7883793245962260
3089,M,S,2,89459.9,N,53.28,NJ,7481745608106770
3092,F,S,1,13576.5,N,39.426667,AZ,7058883035180130
3094,F,M,2,42031.8,N,50.753333,CO,8921527653702070
3103,F,S,1,13109.1,N,62.606667,NC,2979441599605440
3105,F,S,2,21021.6,Y,62.753333,RI,9298458056569430
3106,M,S,0,74460.7,Y,55.34,IL,8302350820735630
3108,F,S,2,28787.4,N,41.666667,DE,2780981576082900
3114,F,M,2,62061.8,Y,45.92,NC,6905091168816260
3115,F,M,1,20550.9,Y,22.12,VT,4491513737600220
3118,M,S,1,1765.41,N,18.766667,MO,4666432867542680
3123,F,S,2,6440.46,Y,52,NV,9310920012744920
3125,M,M,2,28766.9,N,46.84,IN,8827401581219910
3130,M,M,2,91272.2,Y,25.033333,PA,1547645539593900
3143,M,M,2,49910.7,Y,51.52,OK,9181125542275820
3144,M,M,0,76161.4,Y,44.573333,NM,2901084302068540
3152,M,M,2,57360.8,Y,53.253333,RI,9583202394771340
3156,F,M,2,87578.2,Y,53.366667,MT,3604077989430890
3158,M,M,1,5306.11,N,39.093333,OK,1652971583771970
3162,M,M,1,2067.82,N,47.853333,TX,1261382106448900
3165,M,M,2,30665.2,Y,22.88,AR,8683923409139990
3166,F,M,1,78000,Y,56.193333,NC,8936358458290560
3167,F,M,1,98680.4,Y,58.706667,IL,1328239569150000
3168,F,M,2,65619.7,Y,46,AK,8034138111261120
3170,F,S,0,85275,N,47,CA,2613294879725960
3171,F,M,1,66921.4,Y,43,VA,7621098982264980
3174,F,S,2,57420,Y,48,MN,5306955856217920
3175,M,M,0,68000,N,67,MO,6611498391110380
3176,F,M,2,47639.1,N,48,IA,4262650619003320
3177,M,M,0,3911.9,N,38.413333,GA,7915353720707010
3179,F,S,0,39461,N,22.226667,IN,1652010884190110
3183,M,S,1,16432.1,Y,20.92,WI,3932039309163420
3186,F,S,1,540.4,Y,39.213333,NC,7335667919768930
3188,F,M,2,80087.7,N,41.92,IL,3823811813145120
3189,F,M,2,59691.3,N,38.04,MD,2680811823842710
3194,F,S,2,93559.1,N,57.62,WA,7966749416532270
3195,F,S,2,3416.62,Y,22.76,NV,5817591744853810
3196,F,S,0,93454.3,Y,48.533333,MO,6826295022225310
3207,F,M,2,57483.9,N,44.026667,RI,1398798481160550
3209,F,S,2,21274,N,45.526667,NC,7698340088891150
3210,F,M,2,28267,N,30.093333,MN,2049713738367490
3216,M,S,1,94188.3,N,57.546667,NH,1490503391860700
3219,F,M,2,91861,Y,41.98,VA,1570061005363070
3223,F,M,2,69133.9,Y,26.833333,TX,2648230221461520
3225,F,M,2,84948,Y,29.446667,VA,6396271578390680
3226,F,M,2,30998.8,N,40.96,MT,9250510709990960
3237,F,M,2,38215.9,N,30.886667,OH,4062466533134360
3239,F,M,2,49745.3,N,47.966667,UT,5943507948586800
3242,F,M,2,98003.7,Y,26.273333,MI,8363231762591600
3243,M,S,0,89142.7,N,53.693333,NY,6092066936632950
3244,F,S,0,74530.8,N,63.086667,MA,3249307595239390
3253,M,M,1,66931.9,N,63.933333,WA,2768071744079770
3261,F,S,1,2800.68,N,45.673333,UT,9436513328837570
3269,F,M,2,98217.1,N,44.98,NC,9587404817272580
3272,F,S,0,15989.3,N,61.693333,HI,4063392365534820
3280,F,S,0,64319.2,N,41.226667,PA,8732491644725750
3281,F,S,1,73338,N,48.246667,WY,6575860179999350
3288,F,M,0,2031.61,N,20.3,LA,4725675095171040
3294,F,M,0,55221,N,41,HI,9064665872607750
3295,F,M,1,8073.11,N,43,VT,1290311357266900
3296,M,M,1,95448.6,Y,53.68,CA,8032705567736380
3298,M,S,2,63152.6,Y,63.173333,ME,6021826256626070
3300,M,S,2,72084.7,N,55.64,OH,3568931740681150
3301,F,S,0,42760.5,N,46,WI,1523361959322680
3302,F,S,1,49072,N,70,TX,1134287256984120
3306,M,M,0,71472.9,N,41.913333,NH,7092411328482060
3308,M,S,0,95786.8,Y,57.553333,MN,9335705962004080
3311,M,D,1,90478.6,N,54.553333,LA,2349526930040240
3312,F,M,2,56187,N,41,UT,1564411749167320
3315,F,S,1,42000,N,24.393333,OR,6452388916599540
3322,M,M,2,75004.5,N,64.8,WV,7672880697698710
3325,M,M,0,19749.3,N,60.366667,IL,8490984045948490
3327,M,D,0,20078,N,32.846667,NJ,6109157645597360
3333,M,S,2,89459.9,N,53.28,NH,9972220618611280
3336,F,S,1,13576.5,N,39.426667,VT,7706920907450270
3343,M,S,2,43634.5,N,21.78,CA,5423502653097020
3352,F,S,2,28787.4,N,41.666667,OH,2925412231646090
3355,M,M,1,13091.6,N,59.126667,TN,5497263353112760
3358,F,M,2,62061.8,Y,45.92,ND,1948711566896750
3367,F,S,2,6440.46,Y,42,OR,9190503450277200
3382,M,M,1,64792.3,N,52.146667,AL,4238412259224010
3384,F,S,0,93322.1,Y,40.313333,CA,3750337274250390
3387,M,M,2,49910.7,Y,51.52,MN,3655984634572490
3396,M,M,2,57360.8,Y,53.253333,NJ,5881807914431430
3399,F,S,2,14578.8,Y,60.933333,ME,9447391940516800
3400,F,M,2,87578.2,Y,53.366667,WA,6546534081369770
3402,M,M,1,5306.11,N,39.093333,AR,2194241326482100
3405,F,M,0,83287,N,58.56,WI,9082071657837650
3409,M,M,2,30665.2,Y,22.88,WI,6444495987818690
3410,F,M,1,83287,Y,49,FL,7766713145732440
3411,M,M,1,98680.4,Y,58.706667,OH,6343576125343680
3412,F,M,2,65619.7,Y,52.646667,IL,7151787880608410
3413,M,M,1,95620.3,Y,49.12,WV,8254200520741570
3414,F,D,1,85275,N,62,WV,5675364843945350
3416,F,M,1,98453.6,Y,48,IN,6173177727272650
3418,F,S,2,57420,Y,62,MD,7581142682383250
3419,M,M,0,66000,N,41,MS,5390235296583450
3423,F,S,0,39461,N,22.226667,ME,8254420332979750
3424,M,M,1,47371,Y,54.96,GA,7063384397004360
3427,M,S,1,16432.1,Y,20.92,NE,7474153991653610
3430,F,S,1,540.4,Y,39.213333,MI,8584404730566780
3432,F,M,2,80087.7,N,41.92,VA,6482162655555990
3438,F,S,2,93559.1,N,57.62,WV,4055228908202940
3439,F,S,2,3416.62,Y,22.76,VA,5458945023020180
3440,F,S,1,93454.3,Y,48.533333,AK,9058778409660760
3451,F,M,2,57483.9,N,44.026667,NC,4785473608574230
3456,F,M,2,36725.1,N,55.793333,SC,2645934620061010
3460,M,S,1,94188.3,N,57.546667,MA,3298536229459040
3466,F,S,1,12374.9,Y,33.493333,NY,6020411131561590
3470,F,M,2,30998.8,N,40.96,AL,9188981705892520
3476,M,S,0,21416.5,N,35.653333,NY,6700054313437880
3481,F,M,2,38215.9,N,30.886667,MD,7118359688107340
3486,F,M,2,98003.7,Y,26.273333,MA,5392268994885070
3487,M,S,0,89142.7,N,53.693333,MN,7679239386150120
3488,F,S,0,74530.8,N,63.086667,NJ,1785455043684010
3495,F,M,2,76289.2,N,48.206667,PA,6159860119932630
3503,F,S,0,77726.4,N,56.72,OR,8128359093036330
3505,F,S,1,2800.68,N,45.673333,WI,5874861803994680
3508,F,M,2,90271.6,N,44.926667,VA,8900388236293100
3512,F,M,2,64816.6,Y,31.126667,NC,1930709544269710
3513,F,M,2,98217.1,N,44.98,RI,3827676362938780
3522,M,S,1,84978.1,N,21.64,OR,1144757746148970
3523,F,M,2,36647.9,N,49.986667,HI,3587335818197480
3524,F,S,0,64319.2,N,41.226667,NJ,6621276548347660
3525,F,S,1,73338,N,48.246667,VA,5858763094398960
3526,F,S,0,433.74,N,60.746667,KS,6224183340174450
3527,F,M,2,16962.2,N,45.36,CO,6368395745173600
3529,M,M,2,10708.3,N,26.026667,MT,8166422135093370
3532,F,M,0,2031.61,N,20.3,NY,6858607757969240
3535,F,S,2,16938.5,N,41,GA,1746236724754940
3538,F,M,0,55221,N,46,IA,2132949584694350
3539,F,M,1,8073.11,N,70,HI,9204537957704950
3540,M,M,1,95448.6,Y,53.68,MO,7793204408565530
3544,M,S,2,72084.7,N,55.64,UT,9655205478541530
3545,F,S,0,42760.5,N,61,SD,6850376556716440
3546,F,S,1,49072,N,55,LA,4194210155030010
3547,F,M,0,27371.8,Y,52,MO,9288930794337280
3550,M,M,1,71472.9,N,41.913333,LA,7750573130200920
3551,M,M,0,95405.7,N,46.506667,NE,9176229070878130
3552,M,S,0,95786.8,Y,57.553333,NJ,4085115080703490
3554,M,S,0,90321.6,N,55.113333,MO,2675407734070840
3555,M,S,1,90478.6,N,54.553333,AK,1353990041244890
3556,F,M,2,56187,N,43,FL,6258812423764910
3559,F,S,1,35089,N,24.393333,IA,6135536215627590
3565,M,M,2,53010.8,N,18.84,WY,2969769267278210
3566,M,M,1,75004.5,N,64.8,NY,3527184838995100
3569,M,M,0,19749.3,N,60.366667,NH,2610576396109900
3571,M,S,0,20078,N,32.846667,NV,1543286352125830
3572,F,M,2,47902,N,26.033333,MD,3457377064893270
3580,F,S,1,13576.5,N,39.426667,NH,2087848263239720
3582,F,M,2,42031.8,N,50.753333,CO,5053387145150550
3592,M,S,1,92647.5,N,56.046667,ME,8090886334631910
3593,F,S,2,21021.6,Y,62.753333,VT,7014885623279460
3596,F,S,2,28787.4,N,41.666667,DE,2154909805151450
3602,F,M,2,62061.8,Y,45.92,UT,2069394751403370
3607,F,S,2,19131.1,N,56.186667,OR,9695835057691720
3611,F,S,2,6440.46,Y,41,WA,8839712860340090
3613,M,S,0,28766.9,N,46.84,MD,3643983733601150
3623,F,S,0,73228.3,N,43,MS,1690536019719770
3626,M,M,1,64792.3,N,52.146667,MI,6648448961521050
3631,M,M,2,49910.7,Y,51.52,AZ,2331455654817560
3632,M,M,1,76161.4,Y,44.573333,CT,6679510871942560
3640,M,M,2,57360.8,Y,53.253333,LA,4264884569279990
3641,M,M,0,92414.7,Y,45.513333,MD,3873455034688960
3643,F,S,2,14578.8,Y,60.933333,OK,7051687431281520
3644,F,M,2,87578.2,Y,53.366667,NJ,3040703382216580
3649,F,M,0,77000,N,47,RI,1479671676332660
3653,F,M,2,30665.2,Y,22.88,NC,6071516115811280
3654,F,M,1,83287,Y,46,WV,6302758649965460
3656,F,M,2,65619.7,Y,46,DE,7255835944358300
3660,F,M,1,98453.6,Y,61,UT,2051701759966830
3662,F,S,2,57420,Y,52,NC,8983503050119140
3663,M,M,0,70000,N,42,WI,7023854479484080
3664,F,M,2,47639.1,N,61,SC,4866463249037160
3671,M,S,1,16432.1,Y,20.92,MS,4612000921214650
3672,F,M,2,67388,N,53.12,ID,2295257615937060
3673,F,M,2,84166.1,N,54.013333,MI,5808870374102530
3674,F,S,1,540.4,Y,39.213333,NV,9064161227800210
3678,F,S,2,11251.1,Y,43,IL,6997240036523470
3679,M,M,2,45429.7,Y,61.713333,RI,7069122520760070
3680,M,M,1,67388,N,53.12,WA,7371731976252720
3681,M,M,1,84166.1,N,54.013333,AZ,8712653610727430
3682,F,S,2,93559.1,N,57.62,IA,6186449289195140
3683,F,S,2,3416.62,Y,22.76,MA,3861575695906600
3686,M,M,2,59613.1,N,34.32,WI,1584208613235750
3687,M,M,2,45429.7,Y,61.713333,WY,9445521687726860
3688,M,M,1,67388,N,53.12,TN,8967765454440510
3689,M,M,0,84166.1,N,54.013333,AZ,4416951240359510
3692,F,M,2,11234.7,Y,49.046667,SC,9962647653394280
3694,F,M,1,82931.3,N,64.64,AR,2373437179715840
3695,F,M,2,57483.9,N,44.026667,CT,3053615544119140
3698,F,M,2,28267,N,30.093333,NH,1289594657289540
3706,M,M,2,59613.1,N,34.32,CA,2542227522720360
3707,F,M,2,91861,Y,41.98,MO,7565768625209620
3708,M,M,2,45429.7,Y,61.713333,OR,6087263048342770
3709,M,M,1,67388,N,53.12,WA,2766910311622390
3710,F,S,1,12374.9,Y,33.493333,VT,1575929557907450
3711,F,M,2,69133.9,Y,26.833333,NH,2640736378165680
3712,M,M,0,84166.1,N,54.013333,ME,2344332087392400
3714,F,M,2,30998.8,N,40.96,MT,1175318660102010
3715,M,M,2,59613.1,N,34.32,OR,5714227417986430
3717,M,M,0,67388,N,53.12,ID,6327441849908240
3721,M,M,2,45429.7,Y,61.713333,MI,7972291920808730
3723,M,M,1,84166.1,N,54.013333,MO,3324761962931500
3727,F,M,2,49745.3,N,47.966667,IA,3445994761960850
3730,F,M,2,98003.7,Y,26.273333,DE,9595356703535260
3731,M,S,0,89142.7,N,53.693333,VA,3650783900191140
3732,F,S,0,74530.8,N,63.086667,MN,3749599113672400
3739,F,M,2,76289.2,N,48.206667,NJ,6966427692430730
3741,M,M,1,66931.9,N,63.933333,MN,4613759810660040
3742,F,M,2,9309.57,Y,25.44,OR,7859456016068830
3752,F,M,2,90271.6,N,44.926667,VT,3674142886948890
3760,F,S,0,15989.3,N,61.693333,NV,4996764399638420
3767,F,M,2,36647.9,N,49.986667,VA,5777798378599570
3768,F,S,0,64319.2,N,41.226667,NC,1326617491312890
3769,F,S,1,73338,N,48.246667,NH,6652237460463580
3770,F,S,0,433.74,N,60.746667,MN,3746198719465090
3773,M,M,2,10708.3,N,26.026667,IA,9240058252410590
3779,F,S,2,16938.5,N,42,MT,4336747894068240
3782,F,M,0,55221,N,46,NE,1775594957402380
3783,F,M,1,8073.11,N,47,WA,1267328288052400
3786,M,S,2,63152.6,Y,63.173333,TX,4869362551718170
3788,M,S,2,72084.7,N,55.64,KY,6907274641491500
3789,F,S,0,42760.5,N,48,ID,6968636747395240
3790,F,S,1,49072,N,52.646667,PA,8858187709023230
3791,F,M,0,27371.8,Y,62,MS,4487927592782690
3798,M,S,0,90321.6,N,28,HI,3569431953415220
3799,M,D,0,90478.6,N,54.553333,VT,6476024405597710
3800,F,M,2,56187,N,43,AK,6859633508163680
3801,M,M,1,28313.1,N,20.893333,DE,1843319300068480
3803,M,M,2,29616,N,49.426667,UT,1859088090099000
3805,M,M,0,19732.8,N,50.673333,NY,2781640244034250
3808,M,S,2,96.33,N,56.473333,VA,8306514639537880
3821,F,S,0,78851.3,N,48.373333,WV,4433372898298620
3823,F,M,0,83891.9,Y,61.02,TN,2530843820229940
3824,F,M,2,28220.8,N,38.766667,OK,9765665843527640
29,M,M,1,7545.96,Y,16.753333,MS,4342336403171600
40,F,S,0,28589.1,N,15.6,MT,6863476162002660
96,F,M,0,38538.4,N,12.326667,MN,9134199418042890
205,F,M,0,28770.9,N,12.34,AZ,4318796497092270
270,F,S,0,89813.6,N,12.846667,KS,7339233611940310
302,M,M,2,67339.8,N,17.006667,PA,5828605125426100
309,F,S,0,41000,N,16.06,ID,7100673747567510
418,M,M,2,78554.2,N,16.7,MA,3896510074136650
419,M,S,1,3960.5,N,14.693333,NH,6892989357241030
426,F,M,2,88427,N,13.86,NV,4679079052182220
552,F,S,0,28589.1,N,15.6,SC,4193025480794990
608,F,M,0,38538.4,N,12.326667,NH,7031089024945070
656,M,M,1,5252.29,N,16.333333,AK,6148421591000680
714,M,M,1,3933.74,N,17.86,HI,8963346128850350
717,F,M,0,28770.9,N,12.34,AK,3414101854770350
725,F,S,0,30763.8,Y,14.193333,MD,9228630634527080
782,F,S,0,89813.6,N,12.846667,SD,5723998219039010
814,M,M,2,67339.8,N,17.006667,ID,4240202991698260
818,F,S,0,43382.3,N,16.073333,MN,5156110853650320
821,F,D,1,13011.4,N,16.06,WA,5931517730563480
849,M,M,0,5745,Y,15.38,NM,8142337789392760
878,M,M,1,20818.5,N,12.68,PA,4827249080289780
931,M,S,1,3960.5,N,14.693333,KY,5366270360370960
938,F,M,2,88427,N,13.86,NV,4204692647871570
1006,M,S,1,24141.5,Y,17.006667,FL,3016220340639660
1053,M,M,1,7545.96,Y,16.753333,OR,2064022666499750
1079,F,S,0,45612.9,N,14.3,VT,7034554130518800
1229,F,M,0,28770.9,N,12.34,MS,8823937815290460
1231,F,M,2,86695.4,N,13.906667,MD,2553317181457910
1237,F,S,1,30763.8,Y,14.193333,MN,3232077800283200
1239,M,M,1,69680.9,N,15.846667,CA,9217844079608480
1297,F,S,1,27783.6,N,14.04,CO,9040057127149440
1326,M,M,2,67339.8,N,17.006667,WV,2622123020007500
1330,F,S,0,43382.3,N,16.073333,LA,7088681497419390
1361,M,M,0,5745,Y,15.38,MI,9277756685494260
1442,M,M,2,78554.2,N,16.7,HI,4088201263697080
1443,M,S,1,3960.5,N,14.693333,IA,7247799390979540
1450,F,M,2,88427,N,13.86,IN,5104341543907080
1518,M,S,1,24141.5,Y,17.006667,OH,9860364918078460
1545,M,S,1,41690.5,Y,14.64,TN,4531253030123480
1565,M,M,1,7545.96,Y,16.753333,NJ,9551630474184290
1576,F,S,0,28589.1,N,15.6,DE,4921575331167730
1591,F,S,0,45612.9,N,14.3,MN,9563892230382250
1717,F,M,2,55860,Y,14.573333,PA,1158084950437430
1741,F,M,0,28770.9,N,12.34,AZ,6438389550355270
1743,F,M,2,86695.4,N,13.906667,FL,9024073861235060
1749,F,S,0,30763.8,Y,14.193333,ME,1925992749135970
1751,M,M,1,69680.9,N,15.846667,HI,8980030580409240
1806,F,S,0,89813.6,N,12.846667,WV,5921308605749290
1809,F,S,1,27783.6,N,14.04,CT,1756507241261810
1842,F,S,0,43382.3,N,16.073333,VT,4559833843663080
1845,F,S,1,35089,N,16.06,FL,4421016379587110
1873,M,M,0,5745,Y,15.38,CT,6073785085713580
1902,M,M,1,20818.5,N,12.68,MO,2219063170284640
1962,F,M,2,88427,N,13.86,KY,5484902932732110
2106,M,M,1,5252.29,N,16.333333,UT,9299023705464590
2124,F,M,2,55860,Y,14.573333,ID,1936077072279880
2136,F,M,2,86695.4,N,13.906667,WV,4839257067936530
2176,M,M,0,5745,Y,15.38,VA,4474864022446760
2207,M,S,0,15924.2,N,14.46,NC,8709153826421160
2215,M,M,2,78554.2,N,16.7,PA,3925661735856680
2220,F,M,2,88427,N,13.86,FL,2503410890566290
2276,M,S,1,24141.5,Y,17.006667,NJ,6919308221991150
2308,M,M,1,7545.96,Y,16.753333,AZ,1671583204818870
2393,F,M,2,55860,Y,14.573333,OK,3652318413372250
2405,F,M,2,86695.4,N,13.906667,FL,4107426944906050
2429,F,S,0,89813.6,N,12.846667,SD,2832353649552770
2445,M,M,0,5745,Y,15.38,FL,8107211612428470
2484,M,S,0,78554.2,N,16.7,KS,2751859231310690
2489,F,M,2,88427,N,13.86,NM,1604696583255430
2545,M,S,1,24141.5,Y,17.006667,VA,4352925870857300
2619,M,M,1,5252.29,N,16.333333,AL,2659301086228700
2637,F,M,2,55860,Y,14.573333,IL,8493608161102200
2673,F,S,0,89813.6,N,12.846667,AZ,4032822217585010
2728,M,M,2,78554.2,N,16.7,CA,3896337230748140
2733,F,M,2,88427,N,13.86,PA,8444666616175530
2789,M,S,1,24141.5,Y,17.006667,TX,7670007087029440
2841,M,M,1,7545.96,Y,16.753333,MA,1218455805303830
2901,F,M,2,55860,Y,14.573333,MA,8988027150266670
2913,F,M,2,86695.4,N,13.906667,SD,1335715823287630
2937,F,S,0,89813.6,N,12.846667,VA,3885798643807460
2984,M,S,0,15924.2,N,14.46,IA,5717551516676260
2992,M,M,2,78554.2,N,16.7,AZ,4681991805815040
2997,F,M,2,88427,N,13.86,ID,6045887821975470
3053,M,S,1,24141.5,Y,17.006667,WY,2630889803685460
3085,M,M,1,7545.96,Y,16.753333,OK,5962486179413540
3197,M,M,0,5745,Y,15.38,IL,2829985596230570
3228,M,S,0,15924.2,N,14.46,WV,7057999917521850
3236,M,M,2,78554.2,N,16.7,MI,3368618821175230
3241,F,M,2,88427,N,13.86,AK,9823000228965720
3389,F,M,2,55860,Y,14.573333,IA,3400042888465330
3401,F,M,2,86695.4,N,13.906667,PA,4385353300032030
3485,F,M,2,88427,N,13.86,MS,8321679650781100
3633,F,M,2,55860,Y,14.573333,OK,8748762632660780
3645,F,M,2,86695.4,N,13.906667,VA,2580380188472130
3724,M,S,1,78554.2,N,16.7,NY,4299875698658700
3785,M,S,1,24141.5,Y,17.006667,MI,5790653921061950
3806,M,S,1,41690.5,Y,14.64,SD,3836523586154470